anio_epi,semana_epi,calendar_start_date,calendar_end_date,casos_dengue,t2m_max_sem,t2m_min_sem,t2m_prom_sem,precip_total,precip_dias_lluvia,humedad_prom,viento_prom,amplitud_termica,grados_dia,en_rango_optimo,dist_temp_optima,semana_lluviosa,estacion_lluviosa,semana_sin,semana_cos,t2m_prom_sem_lag1,t2m_prom_sem_lag2,t2m_prom_sem_lag3,t2m_prom_sem_lag4,precip_total_lag1,precip_total_lag2,precip_total_lag3,precip_total_lag4,humedad_prom_lag1,humedad_prom_lag2,humedad_prom_lag3,humedad_prom_lag4,casos_dengue_lag1,casos_dengue_lag2,casos_dengue_lag3,casos_dengue_lag4,casos_tendencia,casos_promedio_4sem
2014,1,2013-12-29,2014-01-04,264,31.650104166666665,21.321354166666666,25.898958333333336,0.4620833333333333,0.8333333333333334,64.02604166666667,2.692916666666666,10.32875,15.898958333333336,1,1.1010416666666636,0,0,0.12053668025532305,0.992708874098054,,,,,,,,,,,,,,,,,,
2014,2,2014-01-05,2014-01-11,373,30.76136904761905,20.648928571428574,25.086964285714288,1.2358333333333331,2.9166666666666665,63.38529761904763,3.5573214285714285,10.112440476190475,15.086964285714288,1,1.9130357142857122,0,0,0.23931566428755774,0.970941817426052,25.898958333333336,,,,0.4620833333333333,,,,64.02604166666667,,,,264.0,,,,,264.0
2014,3,2014-01-12,2014-01-18,373,31.10642857142857,19.970297619047617,24.833511904761902,1.14375,2.875,60.17178571428571,3.780892857142856,11.136130952380952,14.833511904761902,1,2.1664880952380976,0,0,0.3546048870425356,0.9350162426854148,25.086964285714288,25.898958333333336,,,1.2358333333333331,0.4620833333333333,,,63.38529761904763,64.02604166666667,,,373.0,264.0,,,109.0,318.5
2014,4,2014-01-19,2014-01-25,358,31.78190476190476,20.97494047619048,25.701607142857146,1.42125,2.708333333333333,60.40380952380952,3.939047619047619,10.80696428571428,15.701607142857146,1,1.2983928571428542,0,0,0.4647231720437685,0.8854560256532099,24.833511904761902,25.086964285714288,25.898958333333336,,1.14375,1.2358333333333331,0.4620833333333333,,60.17178571428571,63.38529761904763,64.02604166666667,,373.0,373.0,264.0,,0.0,336.6666666666667
2014,5,2014-01-26,2014-02-01,417,31.97809523809524,21.739166666666662,26.22892857142857,0.3825,1.4166666666666667,61.7864880952381,2.18,10.238928571428577,16.22892857142857,1,0.7710714285714317,0,0,0.5680647467311558,0.8229838658936564,25.701607142857146,24.833511904761902,25.086964285714288,25.898958333333336,1.42125,1.14375,1.2358333333333331,0.4620833333333333,60.40380952380952,60.17178571428571,63.38529761904763,64.02604166666667,358.0,373.0,373.0,264.0,-15.0,342.0
2014,6,2014-02-02,2014-02-08,389,32.078809523809525,22.18285714285714,26.48327380952381,0.29875,0.5416666666666666,60.385892857142856,1.858809523809524,9.895952380952384,16.48327380952381,1,0.5167261904761915,0,0,0.6631226582407952,0.7485107481711011,26.22892857142857,25.701607142857146,24.833511904761902,25.086964285714288,0.3825,1.42125,1.14375,1.2358333333333331,61.7864880952381,60.40380952380952,60.17178571428571,63.38529761904763,417.0,358.0,373.0,373.0,59.0,380.25
2014,7,2014-02-09,2014-02-15,406,33.296726190476186,23.10232142857143,27.6175,2.0241666666666664,5.166666666666667,58.55916666666667,2.2585714285714285,10.194404761904757,17.6175,1,0.6174999999999997,0,0,0.7485107481711011,0.6631226582407953,26.48327380952381,26.22892857142857,25.701607142857146,24.833511904761902,0.29875,0.3825,1.42125,1.14375,60.385892857142856,61.7864880952381,60.40380952380952,60.17178571428571,389.0,417.0,358.0,373.0,-28.0,384.25
2014,8,2014-02-16,2014-02-22,430,33.43833333333333,22.992857142857144,27.534761904761904,1.6545833333333333,2.4166666666666665,57.57839285714286,2.350119047619047,10.445476190476189,17.534761904761904,1,0.5347619047619041,0,0,0.8229838658936564,0.5680647467311559,27.6175,26.48327380952381,26.22892857142857,25.701607142857146,2.0241666666666664,0.29875,0.3825,1.42125,58.55916666666667,60.385892857142856,61.7864880952381,60.40380952380952,406.0,389.0,417.0,358.0,17.0,392.5
2014,9,2014-02-23,2014-03-01,417,33.40083333333333,23.02035714285714,27.43922619047619,0.2470833333333333,0.5,58.467976190476186,2.040595238095238,10.380476190476191,17.43922619047619,1,0.43922619047619094,0,0,0.8854560256532099,0.4647231720437686,27.534761904761904,27.6175,26.48327380952381,26.22892857142857,1.6545833333333333,2.0241666666666664,0.29875,0.3825,57.57839285714286,58.55916666666667,60.385892857142856,61.7864880952381,430.0,406.0,389.0,417.0,24.0,410.5
2014,10,2014-03-02,2014-03-08,160,32.27946428571428,23.439047619047617,27.13232142857143,8.055416666666668,3.125,62.615833333333335,2.156964285714286,8.840416666666666,17.13232142857143,1,0.13232142857143003,0,0,0.9350162426854148,0.35460488704253557,27.43922619047619,27.534761904761904,27.6175,26.48327380952381,0.2470833333333333,1.6545833333333333,2.0241666666666664,0.29875,58.467976190476186,57.57839285714286,58.55916666666667,60.385892857142856,417.0,430.0,406.0,389.0,-13.0,410.5
2014,11,2014-03-09,2014-03-15,726,32.62803571428572,23.68386904761905,27.503869047619048,8.075000000000001,5.666666666666667,64.43440476190476,2.261964285714285,8.944166666666671,17.503869047619048,1,0.5038690476190482,0,0,0.970941817426052,0.23931566428755804,27.13232142857143,27.43922619047619,27.534761904761904,27.6175,8.055416666666668,0.2470833333333333,1.6545833333333333,2.0241666666666664,62.615833333333335,58.467976190476186,57.57839285714286,58.55916666666667,160.0,417.0,430.0,406.0,-257.0,353.25
2014,12,2014-03-16,2014-03-22,602,33.225833333333334,23.78398809523809,27.96017857142857,0.0816666666666666,0.0833333333333333,59.85875000000001,2.4166666666666665,9.441845238095244,17.96017857142857,1,0.9601785714285711,0,0,0.992708874098054,0.120536680255323,27.503869047619048,27.13232142857143,27.43922619047619,27.534761904761904,8.075000000000001,8.055416666666668,0.2470833333333333,1.6545833333333333,64.43440476190476,62.615833333333335,58.467976190476186,57.57839285714286,726.0,160.0,417.0,430.0,566.0,433.25
2014,13,2014-03-23,2014-03-29,647,35.33238095238095,24.026130952380957,28.979285714285712,1.04,2.0,53.385,2.288392857142857,11.306249999999995,18.979285714285712,1,1.9792857142857123,0,0,1.0,-1.6081226496766364e-16,27.96017857142857,27.503869047619048,27.13232142857143,27.43922619047619,0.0816666666666666,8.075000000000001,8.055416666666668,0.2470833333333333,59.85875000000001,64.43440476190476,62.615833333333335,58.467976190476186,602.0,726.0,160.0,417.0,-124.0,476.25
2014,14,2014-03-30,2014-04-05,711,34.22464285714286,24.47738095238095,28.720357142857143,0.10625,0.1666666666666666,58.20613095238095,2.3330952380952383,9.74726190476191,18.720357142857143,1,1.720357142857143,0,0,0.992708874098054,-0.12053668025532288,28.979285714285712,27.96017857142857,27.503869047619048,27.13232142857143,1.04,0.0816666666666666,8.075000000000001,8.055416666666668,53.385,59.85875000000001,64.43440476190476,62.615833333333335,647.0,602.0,726.0,160.0,45.0,533.75
2014,15,2014-04-06,2014-04-12,635,33.93452380952381,22.638928571428576,27.74375,0.9866666666666668,1.4583333333333333,54.68220238095238,3.669523809523809,11.295595238095235,17.74375,1,0.7437499999999986,0,0,0.9709418174260521,-0.2393156642875575,28.720357142857143,28.979285714285712,27.96017857142857,27.503869047619048,0.10625,1.04,0.0816666666666666,8.075000000000001,58.20613095238095,53.385,59.85875000000001,64.43440476190476,711.0,647.0,602.0,726.0,64.0,671.5
2014,16,2014-04-13,2014-04-19,420,33.804702380952385,24.21345238095238,28.466011904761903,0.26375,0.0833333333333333,56.99220238095239,2.203392857142857,9.591250000000006,18.466011904761903,1,1.4660119047619027,0,0,0.9350162426854148,-0.35460488704253545,27.74375,28.720357142857143,28.979285714285712,27.96017857142857,0.9866666666666668,0.10625,1.04,0.0816666666666666,54.68220238095238,58.20613095238095,53.385,59.85875000000001,635.0,711.0,647.0,602.0,-76.0,648.75
2014,17,2014-04-20,2014-04-26,614,33.6527380952381,25.299761904761905,28.919464285714287,2.044166666666667,4.791666666666667,60.78839285714286,2.258154761904762,8.352976190476195,18.919464285714287,1,1.9194642857142874,0,0,0.8854560256532099,-0.4647231720437685,28.466011904761903,27.74375,28.720357142857143,28.979285714285712,0.26375,0.9866666666666668,0.10625,1.04,56.99220238095239,54.68220238095238,58.20613095238095,53.385,420.0,635.0,711.0,647.0,-215.0,603.25
2014,18,2014-04-27,2014-05-03,568,30.661607142857147,24.78428571428572,27.191369047619048,20.80125,6.333333333333333,72.23035714285714,1.7035714285714283,5.8773214285714275,17.191369047619048,1,0.19136904761904816,1,1,0.8229838658936565,-0.5680647467311557,28.919464285714287,28.466011904761903,27.74375,28.720357142857143,2.044166666666667,0.26375,0.9866666666666668,0.10625,60.78839285714286,56.99220238095239,54.68220238095238,58.20613095238095,614.0,420.0,635.0,711.0,194.0,595.0
2014,19,2014-05-04,2014-05-10,706,31.385654761904764,24.243333333333336,27.097440476190474,32.67541666666667,7.0,74.26130952380953,2.091309523809524,7.142321428571428,17.097440476190474,1,0.09744047619047436,1,1,0.7485107481711013,-0.663122658240795,27.191369047619048,28.919464285714287,28.466011904761903,27.74375,20.80125,2.044166666666667,0.26375,0.9866666666666668,72.23035714285714,60.78839285714286,56.99220238095239,54.68220238095238,568.0,614.0,420.0,635.0,-46.0,559.25
2014,20,2014-05-11,2014-05-17,804,31.20482142857143,24.02714285714286,27.034404761904764,24.874583333333334,6.458333333333333,70.4067857142857,2.4682738095238093,7.177678571428572,17.034404761904764,1,0.0344047619047636,1,1,0.6631226582407952,-0.7485107481711012,27.097440476190474,27.191369047619048,28.919464285714287,28.466011904761903,32.67541666666667,20.80125,2.044166666666667,0.26375,74.26130952380953,72.23035714285714,60.78839285714286,56.99220238095239,706.0,568.0,614.0,420.0,138.0,577.0
2014,21,2014-05-18,2014-05-24,847,31.815238095238097,24.32130952380952,27.49708333333333,23.258333333333336,6.166666666666667,69.83196428571428,1.9914285714285715,7.493928571428576,17.49708333333333,1,0.4970833333333289,1,1,0.5680647467311558,-0.8229838658936564,27.034404761904764,27.097440476190474,27.191369047619048,28.919464285714287,24.874583333333334,32.67541666666667,20.80125,2.044166666666667,70.4067857142857,74.26130952380953,72.23035714285714,60.78839285714286,804.0,706.0,568.0,614.0,98.0,673.0
2014,22,2014-05-25,2014-05-31,902,31.10333333333333,24.390535714285715,27.16,39.855,7.0,74.09279761904763,1.904702380952381,6.712797619047617,17.16,1,0.16000000000000014,1,1,0.46472317204376906,-0.8854560256532096,27.49708333333333,27.034404761904764,27.097440476190474,27.191369047619048,23.258333333333336,24.874583333333334,32.67541666666667,20.80125,69.83196428571428,70.4067857142857,74.26130952380953,72.23035714285714,847.0,804.0,706.0,568.0,43.0,731.25
2014,23,2014-06-01,2014-06-07,933,28.252202380952383,23.898869047619048,25.79988095238095,66.69250000000001,7.0,83.70267857142856,1.5344642857142858,4.353333333333335,15.79988095238095,1,1.2001190476190509,1,1,0.35460488704253584,-0.9350162426854147,27.16,27.49708333333333,27.034404761904764,27.097440476190474,39.855,23.258333333333336,24.874583333333334,32.67541666666667,74.09279761904763,69.83196428571428,70.4067857142857,74.26130952380953,902.0,847.0,804.0,706.0,55.0,814.75
2014,24,2014-06-08,2014-06-14,1143,28.755535714285717,24.07488095238095,26.227619047619047,55.80125,7.0,80.74053571428571,1.3670238095238094,4.680654761904766,16.227619047619047,1,0.7723809523809528,1,1,0.23931566428755768,-0.970941817426052,25.79988095238095,27.16,27.49708333333333,27.034404761904764,66.69250000000001,39.855,23.258333333333336,24.874583333333334,83.70267857142856,74.09279761904763,69.83196428571428,70.4067857142857,933.0,902.0,847.0,804.0,31.0,871.5
2014,25,2014-06-15,2014-06-21,1503,29.91,23.52202380952381,26.45261904761905,38.57583333333333,6.833333333333333,76.74136904761905,1.7777380952380952,6.387976190476191,16.45261904761905,1,0.5473809523809514,1,1,0.12053668025532308,-0.992708874098054,26.227619047619047,25.79988095238095,27.16,27.49708333333333,55.80125,66.69250000000001,39.855,23.258333333333336,80.74053571428571,83.70267857142856,74.09279761904763,69.83196428571428,1143.0,933.0,902.0,847.0,210.0,956.25
2014,26,2014-06-22,2014-06-28,1742,29.88297619047619,23.97529761904762,26.655059523809527,44.43291666666666,6.666666666666667,77.70803571428571,1.57625,5.907678571428569,16.655059523809527,1,0.3449404761904731,1,1,-3.216245299353273e-16,-1.0,26.45261904761905,26.227619047619047,25.79988095238095,27.16,38.57583333333333,55.80125,66.69250000000001,39.855,76.74136904761905,80.74053571428571,83.70267857142856,74.09279761904763,1503.0,1143.0,933.0,902.0,360.0,1120.25
2014,27,2014-06-29,2014-07-05,1719,30.46077380952381,23.877559523809524,27.11880952380952,22.4075,6.833333333333333,72.45083333333334,1.4590476190476191,6.583214285714288,17.11880952380952,1,0.11880952380952081,1,1,-0.12053668025532283,-0.992708874098054,26.655059523809527,26.45261904761905,26.227619047619047,25.79988095238095,44.43291666666666,38.57583333333333,55.80125,66.69250000000001,77.70803571428571,76.74136904761905,80.74053571428571,83.70267857142856,1742.0,1503.0,1143.0,933.0,239.0,1330.25
2014,28,2014-07-06,2014-07-12,1640,32.36958333333333,23.362202380952382,27.71625,1.6554166666666663,2.0,66.03071428571428,2.1079761904761907,9.007380952380949,17.71625,1,0.7162499999999987,0,1,-0.23931566428755743,-0.9709418174260521,27.11880952380952,26.655059523809527,26.45261904761905,26.227619047619047,22.4075,44.43291666666666,38.57583333333333,55.80125,72.45083333333334,77.70803571428571,76.74136904761905,80.74053571428571,1719.0,1742.0,1503.0,1143.0,-23.0,1526.75
2014,29,2014-07-13,2014-07-19,1526,32.29434523809524,24.54279761904762,28.09023809523809,17.314583333333335,3.4166666666666665,67.71541666666667,1.7152380952380952,7.751547619047621,18.09023809523809,1,1.0902380952380888,1,1,-0.3546048870425356,-0.9350162426854148,27.71625,27.11880952380952,26.655059523809527,26.45261904761905,1.6554166666666663,22.4075,44.43291666666666,38.57583333333333,66.03071428571428,72.45083333333334,77.70803571428571,76.74136904761905,1640.0,1719.0,1742.0,1503.0,-79.0,1651.0
2014,30,2014-07-20,2014-07-26,1673,33.680297619047614,24.722261904761904,28.816785714285714,15.82625,4.083333333333333,64.33845238095238,2.1482738095238094,8.95803571428571,18.816785714285714,1,1.8167857142857144,1,1,-0.46472317204376806,-0.8854560256532101,28.09023809523809,27.71625,27.11880952380952,26.655059523809527,17.314583333333335,1.6554166666666663,22.4075,44.43291666666666,67.71541666666667,66.03071428571428,72.45083333333334,77.70803571428571,1526.0,1640.0,1719.0,1742.0,-114.0,1656.75
2014,31,2014-07-27,2014-08-02,1961,33.73464285714286,24.37029761904762,28.57017857142857,10.590833333333334,4.333333333333333,62.95809523809524,2.092142857142857,9.36434523809524,18.57017857142857,1,1.5701785714285705,1,1,-0.5680647467311556,-0.8229838658936565,28.816785714285714,28.09023809523809,27.71625,27.11880952380952,15.82625,17.314583333333335,1.6554166666666663,22.4075,64.33845238095238,67.71541666666667,66.03071428571428,72.45083333333334,1673.0,1526.0,1640.0,1719.0,147.0,1639.5
2014,32,2014-08-03,2014-08-09,1465,31.03875,24.431726190476187,27.19428571428572,58.26625000000001,7.0,74.27869047619048,1.5357738095238096,6.607023809523813,17.19428571428572,1,0.19428571428571928,1,1,-0.663122658240795,-0.7485107481711013,28.57017857142857,28.816785714285714,28.09023809523809,27.71625,10.590833333333334,15.82625,17.314583333333335,1.6554166666666663,62.95809523809524,64.33845238095238,67.71541666666667,66.03071428571428,1961.0,1673.0,1526.0,1640.0,288.0,1700.0
2014,33,2014-08-10,2014-08-16,2870,31.06458333333333,23.76529761904762,27.113630952380955,74.43875,6.708333333333333,74.07333333333334,1.6874404761904762,7.299285714285713,17.113630952380955,1,0.11363095238095511,1,1,-0.7485107481711011,-0.6631226582407952,27.19428571428572,28.57017857142857,28.816785714285714,28.09023809523809,58.26625000000001,10.590833333333334,15.82625,17.314583333333335,74.27869047619048,62.95809523809524,64.33845238095238,67.71541666666667,1465.0,1961.0,1673.0,1526.0,-496.0,1656.25
2014,34,2014-08-17,2014-08-23,2730,30.97720238095238,23.899107142857144,27.00238095238095,18.062916666666663,6.833333333333333,74.23922619047619,1.887440476190476,7.078095238095237,17.00238095238095,1,0.002380952380949708,1,1,-0.8229838658936564,-0.5680647467311559,27.113630952380955,27.19428571428572,28.57017857142857,28.816785714285714,74.43875,58.26625000000001,10.590833333333334,15.82625,74.07333333333334,74.27869047619048,62.95809523809524,64.33845238095238,2870.0,1465.0,1961.0,1673.0,1405.0,1992.25
2014,35,2014-08-24,2014-08-30,2812,29.05011904761905,23.394880952380955,25.725416666666664,76.78125,7.0,79.64017857142856,1.6027380952380952,5.655238095238094,15.725416666666664,1,1.2745833333333358,1,1,-0.8854560256532096,-0.4647231720437691,27.00238095238095,27.113630952380955,27.19428571428572,28.57017857142857,18.062916666666663,74.43875,58.26625000000001,10.590833333333334,74.23922619047619,74.07333333333334,74.27869047619048,62.95809523809524,2730.0,2870.0,1465.0,1961.0,-140.0,2256.5
2014,36,2014-08-31,2014-09-06,2897,29.149464285714288,23.151726190476197,25.792916666666667,63.403333333333336,7.0,79.20791666666666,1.5817261904761903,5.997738095238091,15.792916666666667,1,1.2070833333333333,1,1,-0.9350162426854147,-0.3546048870425359,25.725416666666664,27.00238095238095,27.113630952380955,27.19428571428572,76.78125,18.062916666666663,74.43875,58.26625000000001,79.64017857142856,74.23922619047619,74.07333333333334,74.27869047619048,2812.0,2730.0,2870.0,1465.0,82.0,2469.25
2014,37,2014-09-07,2014-09-13,2593,28.15958333333333,23.13898809523809,25.37684523809524,80.30125,7.0,83.27571428571429,1.5489880952380952,5.02059523809524,15.376845238095239,1,1.623154761904761,1,1,-0.970941817426052,-0.23931566428755774,25.792916666666667,25.725416666666664,27.00238095238095,27.113630952380955,63.403333333333336,76.78125,18.062916666666663,74.43875,79.20791666666666,79.64017857142856,74.23922619047619,74.07333333333334,2897.0,2812.0,2730.0,2870.0,85.0,2827.25
2014,38,2014-09-14,2014-09-20,2114,27.59166666666667,22.98636904761905,24.957023809523808,62.82083333333333,6.958333333333333,85.11708333333333,1.947857142857143,4.605297619047619,14.957023809523808,1,2.0429761904761925,1,1,-0.992708874098054,-0.12053668025532357,25.37684523809524,25.792916666666667,25.725416666666664,27.00238095238095,80.30125,63.403333333333336,76.78125,18.062916666666663,83.27571428571429,79.20791666666666,79.64017857142856,74.23922619047619,2593.0,2897.0,2812.0,2730.0,-304.0,2758.0
2014,39,2014-09-21,2014-09-27,1797,27.78690476190476,23.10797619047619,25.04136904761905,53.63125,7.0,86.12660714285714,1.6448214285714289,4.678928571428571,15.04136904761905,1,1.9586309523809504,1,1,-1.0,-1.8369701987210297e-16,24.957023809523808,25.37684523809524,25.792916666666667,25.725416666666664,62.82083333333333,80.30125,63.403333333333336,76.78125,85.11708333333333,83.27571428571429,79.20791666666666,79.64017857142856,2114.0,2593.0,2897.0,2812.0,-479.0,2604.0
2014,40,2014-09-28,2014-10-04,1609,28.81642857142857,23.346309523809524,25.87523809523809,13.45,6.208333333333333,81.47297619047619,1.2750595238095237,5.470119047619047,15.875238095238089,1,1.124761904761911,1,1,-0.992708874098054,0.1205366802553232,25.04136904761905,24.957023809523808,25.37684523809524,25.792916666666667,53.63125,62.82083333333333,80.30125,63.403333333333336,86.12660714285714,85.11708333333333,83.27571428571429,79.20791666666666,1797.0,2114.0,2593.0,2897.0,-317.0,2350.25
2014,41,2014-10-05,2014-10-11,1340,28.172678571428573,23.045357142857146,25.30690476190476,50.02375,6.5,81.98619047619047,1.8611309523809525,5.1273214285714275,15.306904761904761,1,1.693095238095239,1,1,-0.9709418174260521,0.23931566428755738,25.87523809523809,25.04136904761905,24.957023809523808,25.37684523809524,13.45,53.63125,62.82083333333333,80.30125,81.47297619047619,86.12660714285714,85.11708333333333,83.27571428571429,1609.0,1797.0,2114.0,2593.0,-188.0,2028.25
2014,42,2014-10-12,2014-10-18,1173,27.158690476190475,22.61023809523809,24.577142857142857,82.94333333333334,7.0,87.29678571428572,1.8321428571428573,4.548452380952387,14.577142857142857,1,2.4228571428571435,1,1,-0.9350162426854148,0.35460488704253557,25.30690476190476,25.87523809523809,25.04136904761905,24.957023809523808,50.02375,13.45,53.63125,62.82083333333333,81.98619047619047,81.47297619047619,86.12660714285714,85.11708333333333,1340.0,1609.0,1797.0,2114.0,-269.0,1715.0
2014,43,2014-10-19,2014-10-25,978,27.299761904761905,22.615416666666665,24.62708333333333,63.96083333333333,6.583333333333333,86.02113095238094,1.9530952380952384,4.68434523809524,14.627083333333331,1,2.3729166666666686,1,1,-0.8854560256532101,0.464723172043768,24.577142857142857,25.30690476190476,25.87523809523809,25.04136904761905,82.94333333333334,50.02375,13.45,53.63125,87.29678571428572,81.98619047619047,81.47297619047619,86.12660714285714,1173.0,1340.0,1609.0,1797.0,-167.0,1479.75
2014,44,2014-10-26,2014-11-01,767,28.62333333333333,22.018511904761905,24.89470238095238,46.21083333333333,4.458333333333333,78.25065476190477,2.220059523809524,6.604821428571427,14.894702380952381,1,2.1052976190476187,1,0,-0.822983865893657,0.5680647467311548,24.62708333333333,24.577142857142857,25.30690476190476,25.87523809523809,63.96083333333333,82.94333333333334,50.02375,13.45,86.02113095238094,87.29678571428572,81.98619047619047,81.47297619047619,978.0,1173.0,1340.0,1609.0,-195.0,1275.0
2014,45,2014-11-02,2014-11-08,522,28.840892857142855,20.63434523809524,24.340952380952377,2.6391666666666667,3.7916666666666665,76.05904761904762,3.432202380952381,8.206547619047615,14.340952380952377,1,2.659047619047623,0,0,-0.7485107481711011,0.6631226582407952,24.89470238095238,24.62708333333333,24.577142857142857,25.30690476190476,46.21083333333333,63.96083333333333,82.94333333333334,50.02375,78.25065476190477,86.02113095238094,87.29678571428572,81.98619047619047,767.0,978.0,1173.0,1340.0,-211.0,1064.5
2014,46,2014-11-09,2014-11-15,485,28.41779761904762,20.81244047619048,24.326011904761906,2.313333333333333,2.5416666666666665,77.81922619047619,2.227559523809524,7.605357142857137,14.326011904761906,1,2.6739880952380943,0,0,-0.6631226582407955,0.7485107481711007,24.340952380952377,24.89470238095238,24.62708333333333,24.577142857142857,2.6391666666666667,46.21083333333333,63.96083333333333,82.94333333333334,76.05904761904762,78.25065476190477,86.02113095238094,87.29678571428572,522.0,767.0,978.0,1173.0,-245.0,860.0
2014,47,2014-11-16,2014-11-22,415,29.29142857142857,22.42065476190476,25.48261904761905,8.827083333333333,5.291666666666667,77.75446428571429,2.2115476190476198,6.870773809523808,15.48261904761905,1,1.5173809523809503,0,0,-0.5680647467311559,0.8229838658936564,24.326011904761906,24.340952380952377,24.89470238095238,24.62708333333333,2.313333333333333,2.6391666666666667,46.21083333333333,63.96083333333333,77.81922619047619,76.05904761904762,78.25065476190477,86.02113095238094,485.0,522.0,767.0,978.0,-37.0,688.0
2014,48,2014-11-23,2014-11-29,302,28.27059523809524,21.517321428571424,24.36857142857143,10.881666666666668,6.125,76.03345238095237,3.934642857142857,6.753273809523815,14.368571428571428,1,2.6314285714285717,1,0,-0.4647231720437684,0.88545602565321,25.48261904761905,24.326011904761906,24.340952380952377,24.89470238095238,8.827083333333333,2.313333333333333,2.6391666666666667,46.21083333333333,77.75446428571429,77.81922619047619,76.05904761904762,78.25065476190477,415.0,485.0,522.0,767.0,-70.0,547.25
2014,49,2014-11-30,2014-12-06,262,29.551428571428573,21.051190476190477,24.71940476190476,4.162083333333333,5.0,74.06809523809524,3.7140476190476193,8.500238095238096,14.719404761904759,1,2.2805952380952412,0,0,-0.35460488704253595,0.9350162426854147,24.36857142857143,25.48261904761905,24.326011904761906,24.340952380952377,10.881666666666668,8.827083333333333,2.313333333333333,2.6391666666666667,76.03345238095237,77.75446428571429,77.81922619047619,76.05904761904762,302.0,415.0,485.0,522.0,-113.0,431.0
2014,50,2014-12-07,2014-12-13,238,29.00583333333333,19.82988095238095,23.767559523809524,2.7016666666666667,5.666666666666667,70.43630952380953,3.980714285714285,9.175952380952381,13.767559523809524,1,3.232440476190476,0,0,-0.2393156642875578,0.970941817426052,24.71940476190476,24.36857142857143,25.48261904761905,24.326011904761906,4.162083333333333,10.881666666666668,8.827083333333333,2.313333333333333,74.06809523809524,76.03345238095237,77.75446428571429,77.81922619047619,262.0,302.0,415.0,485.0,-40.0,366.0
2014,51,2014-12-14,2014-12-20,214,29.88744047619048,20.28803571428572,24.547559523809525,0.1575,0.2916666666666667,69.11005952380953,2.315654761904762,9.599404761904761,14.547559523809525,1,2.452440476190475,0,0,-0.12053668025532363,0.992708874098054,23.767559523809524,24.71940476190476,24.36857142857143,25.48261904761905,2.7016666666666667,4.162083333333333,10.881666666666668,8.827083333333333,70.43630952380953,74.06809523809524,76.03345238095237,77.75446428571429,238.0,262.0,302.0,415.0,-24.0,304.25
2014,52,2014-12-21,2014-12-27,98,30.430714285714284,20.713809523809523,24.988928571428573,0.3591666666666667,1.1666666666666667,68.2914880952381,2.373630952380952,9.716904761904761,14.988928571428573,1,2.0110714285714266,0,0,6.432490598706546e-16,1.0,24.547559523809525,23.767559523809524,24.71940476190476,24.36857142857143,0.1575,2.7016666666666667,4.162083333333333,10.881666666666668,69.11005952380953,70.43630952380953,74.06809523809524,76.03345238095237,214.0,238.0,262.0,302.0,-24.0,254.0
2014,53,2014-12-28,2015-01-03,170,31.756130952380957,21.25017857142857,26.047261904761907,0.2045833333333333,0.375,66.72142857142858,2.5056547619047618,10.505952380952387,16.047261904761907,1,0.952738095238093,0,0,0.12053668025532314,0.992708874098054,24.988928571428573,24.547559523809525,23.767559523809524,24.71940476190476,0.3591666666666667,0.1575,2.7016666666666667,4.162083333333333,68.2914880952381,69.11005952380953,70.43630952380953,74.06809523809524,98.0,214.0,238.0,262.0,-116.0,203.0
2015,1,2015-01-04,2015-01-10,149,31.22172619047619,20.899107142857144,25.44375,0.5654166666666667,1.375,63.26660714285714,4.376607142857143,10.322619047619046,15.443750000000001,1,1.5562499999999986,0,0,0.12053668025532305,0.992708874098054,26.047261904761907,24.988928571428573,24.547559523809525,23.767559523809524,0.2045833333333333,0.3591666666666667,0.1575,2.7016666666666667,66.72142857142858,68.2914880952381,69.11005952380953,70.43630952380953,170.0,98.0,214.0,238.0,72.0,180.0
2015,2,2015-01-11,2015-01-17,181,32.142857142857146,22.117619047619044,26.433452380952374,0.9070833333333334,2.333333333333333,63.02571428571429,3.1552976190476194,10.025238095238102,16.433452380952374,1,0.5665476190476255,0,0,0.23931566428755774,0.970941817426052,25.44375,26.047261904761907,24.988928571428573,24.547559523809525,0.5654166666666667,0.2045833333333333,0.3591666666666667,0.1575,63.26660714285714,66.72142857142858,68.2914880952381,69.11005952380953,149.0,170.0,98.0,214.0,-21.0,157.75
2015,3,2015-01-18,2015-01-24,680,31.18434523809524,21.72470238095238,25.87505952380953,0.78625,1.875,63.31386904761905,2.343035714285714,9.45964285714286,15.87505952380953,1,1.1249404761904707,0,0,0.3546048870425356,0.9350162426854148,26.433452380952374,25.44375,26.047261904761907,24.988928571428573,0.9070833333333334,0.5654166666666667,0.2045833333333333,0.3591666666666667,63.02571428571429,63.26660714285714,66.72142857142858,68.2914880952381,181.0,149.0,170.0,98.0,32.0,149.5
2015,4,2015-01-25,2015-01-31,144,30.801190476190477,19.95904761904762,24.514761904761908,0.7504166666666666,2.208333333333333,59.32440476190476,5.204285714285715,10.842142857142857,14.514761904761908,1,2.485238095238092,0,0,0.4647231720437685,0.8854560256532099,25.87505952380953,26.433452380952374,25.44375,26.047261904761907,0.78625,0.9070833333333334,0.5654166666666667,0.2045833333333333,63.31386904761905,63.02571428571429,63.26660714285714,66.72142857142858,680.0,181.0,149.0,170.0,499.0,295.0
2015,5,2015-02-01,2015-02-07,56,32.086488095238096,21.50202380952381,26.17922619047619,1.17,2.708333333333333,58.06803571428571,3.314761904761905,10.584464285714287,16.17922619047619,1,0.8207738095238106,0,0,0.5680647467311558,0.8229838658936564,24.514761904761908,25.87505952380953,26.433452380952374,25.44375,0.7504166666666666,0.78625,0.9070833333333334,0.5654166666666667,59.32440476190476,63.31386904761905,63.02571428571429,63.26660714285714,144.0,680.0,181.0,149.0,-536.0,288.5
2015,6,2015-02-08,2015-02-14,26,31.23339285714286,21.19809523809524,25.56845238095238,0.475,1.2916666666666667,58.66672619047619,3.338035714285714,10.035297619047618,15.56845238095238,1,1.4315476190476204,0,0,0.6631226582407952,0.7485107481711011,26.17922619047619,24.514761904761908,25.87505952380953,26.433452380952374,1.17,0.7504166666666666,0.78625,0.9070833333333334,58.06803571428571,59.32440476190476,63.31386904761905,63.02571428571429,56.0,144.0,680.0,181.0,-88.0,265.25
2015,7,2015-02-15,2015-02-21,51,32.79125,20.939940476190475,26.18285714285714,1.0795833333333331,2.0,56.05547619047619,3.779642857142857,11.851309523809523,16.18285714285714,1,0.8171428571428585,0,0,0.7485107481711011,0.6631226582407953,25.56845238095238,26.17922619047619,24.514761904761908,25.87505952380953,0.475,1.17,0.7504166666666666,0.78625,58.66672619047619,58.06803571428571,59.32440476190476,63.31386904761905,26.0,56.0,144.0,680.0,-30.0,226.5
2015,8,2015-02-22,2015-02-28,178,33.48636904761905,22.89583333333333,27.65083333333333,1.5833333333333333,2.833333333333333,58.00720238095238,2.392559523809524,10.590535714285721,17.65083333333333,1,0.6508333333333312,0,0,0.8229838658936564,0.5680647467311559,26.18285714285714,25.56845238095238,26.17922619047619,24.514761904761908,1.0795833333333331,0.475,1.17,0.7504166666666666,56.05547619047619,58.66672619047619,58.06803571428571,59.32440476190476,51.0,26.0,56.0,144.0,25.0,69.25
2015,9,2015-03-01,2015-03-07,216,34.48125,23.122261904761903,28.207261904761907,0.2958333333333333,0.75,52.957797619047625,3.544047619047619,11.3589880952381,18.207261904761907,1,1.207261904761907,0,0,0.8854560256532099,0.4647231720437686,27.65083333333333,26.18285714285714,25.56845238095238,26.17922619047619,1.5833333333333333,1.0795833333333331,0.475,1.17,58.00720238095238,56.05547619047619,58.66672619047619,58.06803571428571,178.0,51.0,26.0,56.0,127.0,77.75
2015,10,2015-03-08,2015-03-14,219,34.96630952380953,23.123095238095235,28.35892857142857,0.3645833333333333,1.1666666666666667,52.60934523809524,3.137142857142857,11.843214285714293,18.35892857142857,1,1.3589285714285708,0,0,0.9350162426854148,0.35460488704253557,28.207261904761907,27.65083333333333,26.18285714285714,25.56845238095238,0.2958333333333333,1.5833333333333333,1.0795833333333331,0.475,52.957797619047625,58.00720238095238,56.05547619047619,58.66672619047619,216.0,178.0,51.0,26.0,38.0,117.75
2015,11,2015-03-15,2015-03-21,176,32.94226190476191,23.31345238095238,27.555535714285718,0.2866666666666667,1.0,54.995,2.6982142857142857,9.628809523809526,17.555535714285718,1,0.5555357142857176,0,0,0.970941817426052,0.23931566428755804,28.35892857142857,28.207261904761907,27.65083333333333,26.18285714285714,0.3645833333333333,0.2958333333333333,1.5833333333333333,1.0795833333333331,52.60934523809524,52.957797619047625,58.00720238095238,56.05547619047619,219.0,216.0,178.0,51.0,3.0,166.0
2015,12,2015-03-22,2015-03-28,173,31.628392857142856,23.81869047619048,27.12464285714286,14.223333333333334,6.833333333333333,66.0395238095238,2.235238095238095,7.809702380952377,17.12464285714286,1,0.1246428571428595,1,0,0.992708874098054,0.120536680255323,27.555535714285718,28.35892857142857,28.207261904761907,27.65083333333333,0.2866666666666667,0.3645833333333333,0.2958333333333333,1.5833333333333333,54.995,52.60934523809524,52.957797619047625,58.00720238095238,176.0,219.0,216.0,178.0,-43.0,197.25
2015,13,2015-03-29,2015-04-04,150,33.625416666666666,24.291607142857146,28.384464285714284,5.194166666666667,3.208333333333333,59.10523809523809,2.461071428571429,9.33380952380952,18.384464285714284,1,1.3844642857142837,0,0,1.0,-1.6081226496766364e-16,27.12464285714286,27.555535714285718,28.35892857142857,28.207261904761907,14.223333333333334,0.2866666666666667,0.3645833333333333,0.2958333333333333,66.0395238095238,54.995,52.60934523809524,52.957797619047625,173.0,176.0,219.0,216.0,-3.0,196.0
2015,14,2015-04-05,2015-04-11,235,35.34267857142857,24.54934523809524,29.42869047619048,0.36125,0.75,51.62583333333333,2.9697619047619046,10.793333333333333,19.42869047619048,1,2.4286904761904786,0,0,0.992708874098054,-0.12053668025532288,28.384464285714284,27.12464285714286,27.555535714285718,28.35892857142857,5.194166666666667,14.223333333333334,0.2866666666666667,0.3645833333333333,59.10523809523809,66.0395238095238,54.995,52.60934523809524,150.0,173.0,176.0,219.0,-23.0,179.5
2015,15,2015-04-12,2015-04-18,278,33.06386904761904,25.223035714285714,28.447261904761906,8.07875,6.375,63.91422619047619,2.2417261904761903,7.840833333333329,18.447261904761906,1,1.4472619047619055,0,0,0.9709418174260521,-0.2393156642875575,29.42869047619048,28.384464285714284,27.12464285714286,27.555535714285718,0.36125,5.194166666666667,14.223333333333334,0.2866666666666667,51.62583333333333,59.10523809523809,66.0395238095238,54.995,235.0,150.0,173.0,176.0,85.0,183.5
2015,16,2015-04-19,2015-04-25,280,34.074642857142855,25.22732142857143,28.8575,2.3841666666666668,3.875,64.87440476190476,2.1610714285714283,8.847321428571426,18.8575,1,1.8575000000000017,0,0,0.9350162426854148,-0.35460488704253545,28.447261904761906,29.42869047619048,28.384464285714284,27.12464285714286,8.07875,0.36125,5.194166666666667,14.223333333333334,63.91422619047619,51.62583333333333,59.10523809523809,66.0395238095238,278.0,235.0,150.0,173.0,43.0,209.0
2015,17,2015-04-26,2015-05-02,255,32.895714285714284,24.974761904761905,28.26863095238095,25.28,5.0,68.44857142857143,2.1736904761904765,7.920952380952379,18.26863095238095,1,1.2686309523809491,1,0,0.8854560256532099,-0.4647231720437685,28.8575,28.447261904761906,29.42869047619048,28.384464285714284,2.3841666666666668,8.07875,0.36125,5.194166666666667,64.87440476190476,63.91422619047619,51.62583333333333,59.10523809523809,280.0,278.0,235.0,150.0,2.0,235.75
2015,18,2015-05-03,2015-05-09,356,32.97541666666667,24.852261904761903,28.40511904761905,9.28,6.333333333333333,64.82178571428572,2.21625,8.123154761904765,18.40511904761905,1,1.4051190476190492,0,1,0.8229838658936565,-0.5680647467311557,28.26863095238095,28.8575,28.447261904761906,29.42869047619048,25.28,2.3841666666666668,8.07875,0.36125,68.44857142857143,64.87440476190476,63.91422619047619,51.62583333333333,255.0,280.0,278.0,235.0,-25.0,262.0
2015,19,2015-05-10,2015-05-16,366,34.8114880952381,25.527202380952374,29.502916666666668,11.756666666666668,6.5,58.26654761904762,2.2135714285714285,9.284285714285723,19.502916666666668,1,2.5029166666666676,1,1,0.7485107481711013,-0.663122658240795,28.40511904761905,28.26863095238095,28.8575,28.447261904761906,9.28,25.28,2.3841666666666668,8.07875,64.82178571428572,68.44857142857143,64.87440476190476,63.91422619047619,356.0,255.0,280.0,278.0,101.0,292.25
2015,20,2015-05-17,2015-05-23,454,32.72577380952381,24.89702380952381,28.11958333333333,30.19333333333333,6.541666666666667,64.70505952380952,1.6735119047619047,7.828749999999999,18.11958333333333,1,1.1195833333333312,1,1,0.6631226582407952,-0.7485107481711012,29.502916666666668,28.40511904761905,28.26863095238095,28.8575,11.756666666666668,9.28,25.28,2.3841666666666668,58.26654761904762,64.82178571428572,68.44857142857143,64.87440476190476,366.0,356.0,255.0,280.0,10.0,314.25
2015,21,2015-05-24,2015-05-30,542,32.299166666666665,24.62291666666667,27.88559523809524,17.9575,6.625,66.38369047619047,1.8567857142857145,7.676249999999996,17.88559523809524,1,0.8855952380952417,1,1,0.5680647467311558,-0.8229838658936564,28.11958333333333,29.502916666666668,28.40511904761905,28.26863095238095,30.19333333333333,11.756666666666668,9.28,25.28,64.70505952380952,58.26654761904762,64.82178571428572,68.44857142857143,454.0,366.0,356.0,255.0,88.0,357.75
2015,22,2015-05-31,2015-06-06,613,31.16160714285714,24.47845238095238,27.36208333333333,76.40791666666667,7.0,72.85869047619047,1.5033333333333332,6.68315476190476,17.36208333333333,1,0.36208333333333087,1,1,0.46472317204376906,-0.8854560256532096,27.88559523809524,28.11958333333333,29.502916666666668,28.40511904761905,17.9575,30.19333333333333,11.756666666666668,9.28,66.38369047619047,64.70505952380952,58.26654761904762,64.82178571428572,542.0,454.0,366.0,356.0,88.0,429.5
2015,23,2015-06-07,2015-06-13,768,27.657678571428573,23.215,25.076071428571428,99.82416666666668,7.0,84.65315476190476,1.806845238095238,4.442678571428573,15.076071428571428,1,1.923928571428572,1,1,0.35460488704253584,-0.9350162426854147,27.36208333333333,27.88559523809524,28.11958333333333,29.502916666666668,76.40791666666667,17.9575,30.19333333333333,11.756666666666668,72.85869047619047,66.38369047619047,64.70505952380952,58.26654761904762,613.0,542.0,454.0,366.0,71.0,493.75
2015,24,2015-06-14,2015-06-20,758,30.624047619047616,24.323988095238093,27.35083333333333,17.2525,6.333333333333333,75.78029761904762,1.756904761904762,6.300059523809523,17.35083333333333,1,0.35083333333333044,1,1,0.23931566428755768,-0.970941817426052,25.076071428571428,27.36208333333333,27.88559523809524,28.11958333333333,99.82416666666668,76.40791666666667,17.9575,30.19333333333333,84.65315476190476,72.85869047619047,66.38369047619047,64.70505952380952,768.0,613.0,542.0,454.0,155.0,594.25
2015,25,2015-06-21,2015-06-27,963,32.80023809523809,23.79327380952381,27.975416666666664,3.627083333333333,2.2916666666666665,67.91654761904762,2.6129761904761906,9.006964285714282,17.975416666666664,1,0.9754166666666642,0,1,0.12053668025532308,-0.992708874098054,27.35083333333333,25.076071428571428,27.36208333333333,27.88559523809524,17.2525,99.82416666666668,76.40791666666667,17.9575,75.78029761904762,84.65315476190476,72.85869047619047,66.38369047619047,758.0,768.0,613.0,542.0,-10.0,670.25
2015,26,2015-06-28,2015-07-04,1197,32.965892857142855,24.44398809523809,28.500416666666663,1.57125,2.125,64.88011904761905,2.212797619047619,8.521904761904764,18.500416666666663,1,1.5004166666666627,0,1,-3.216245299353273e-16,-1.0,27.975416666666664,27.35083333333333,25.076071428571428,27.36208333333333,3.627083333333333,17.2525,99.82416666666668,76.40791666666667,67.91654761904762,75.78029761904762,84.65315476190476,72.85869047619047,963.0,758.0,768.0,613.0,205.0,775.5
2015,27,2015-07-05,2015-07-11,1347,31.767202380952384,24.244285714285716,27.60440476190476,14.274166666666668,6.375,68.19755952380952,2.0338690476190475,7.522916666666667,17.60440476190476,1,0.6044047619047603,1,1,-0.12053668025532283,-0.992708874098054,28.500416666666663,27.975416666666664,27.35083333333333,25.076071428571428,1.57125,3.627083333333333,17.2525,99.82416666666668,64.88011904761905,67.91654761904762,75.78029761904762,84.65315476190476,1197.0,963.0,758.0,768.0,234.0,921.5
2015,28,2015-07-12,2015-07-18,1503,31.494940476190475,24.05,27.269583333333333,17.037499999999998,6.708333333333333,70.9570238095238,1.7348809523809523,7.4449404761904745,17.269583333333333,1,0.2695833333333333,1,1,-0.23931566428755743,-0.9709418174260521,27.60440476190476,28.500416666666663,27.975416666666664,27.35083333333333,14.274166666666668,1.57125,3.627083333333333,17.2525,68.19755952380952,64.88011904761905,67.91654761904762,75.78029761904762,1347.0,1197.0,963.0,758.0,150.0,1066.25
2015,29,2015-07-19,2015-07-25,1692,31.421428571428567,24.249166666666667,27.38244047619048,26.070833333333336,6.375,71.25744047619048,1.694047619047619,7.1722619047619,17.38244047619048,1,0.3824404761904816,1,1,-0.3546048870425356,-0.9350162426854148,27.269583333333333,27.60440476190476,28.500416666666663,27.975416666666664,17.037499999999998,14.274166666666668,1.57125,3.627083333333333,70.9570238095238,68.19755952380952,64.88011904761905,67.91654761904762,1503.0,1347.0,1197.0,963.0,156.0,1252.5
2015,30,2015-07-26,2015-08-01,1659,33.635059523809524,24.60244047619048,28.62863095238096,7.0075,4.583333333333333,62.186726190476186,1.9748214285714285,9.032619047619043,18.62863095238096,1,1.6286309523809592,0,1,-0.46472317204376806,-0.8854560256532101,27.38244047619048,27.269583333333333,27.60440476190476,28.500416666666663,26.070833333333336,17.037499999999998,14.274166666666668,1.57125,71.25744047619048,70.9570238095238,68.19755952380952,64.88011904761905,1692.0,1503.0,1347.0,1197.0,189.0,1434.75
2015,31,2015-08-02,2015-08-08,1660,34.55880952380952,25.12595238095238,29.349404761904765,7.7425,6.0,61.30494047619048,2.094940476190476,9.432857142857141,19.349404761904765,1,2.349404761904765,0,1,-0.5680647467311556,-0.8229838658936565,28.62863095238096,27.38244047619048,27.269583333333333,27.60440476190476,7.0075,26.070833333333336,17.037499999999998,14.274166666666668,62.186726190476186,71.25744047619048,70.9570238095238,68.19755952380952,1659.0,1692.0,1503.0,1347.0,-33.0,1550.25
2015,32,2015-08-09,2015-08-15,2016,32.415416666666665,24.6525,27.93339285714286,27.87833333333333,6.5,67.42011904761905,1.8439880952380951,7.762916666666666,17.93339285714286,1,0.9333928571428594,1,1,-0.663122658240795,-0.7485107481711013,29.349404761904765,28.62863095238096,27.38244047619048,27.269583333333333,7.7425,7.0075,26.070833333333336,17.037499999999998,61.30494047619048,62.186726190476186,71.25744047619048,70.9570238095238,1660.0,1659.0,1692.0,1503.0,1.0,1628.5
2015,33,2015-08-16,2015-08-22,2295,33.87244047619048,24.75321428571429,28.655416666666667,22.23958333333333,6.75,66.11940476190476,1.8622023809523809,9.119226190476187,18.655416666666667,1,1.6554166666666674,1,1,-0.7485107481711011,-0.6631226582407952,27.93339285714286,29.349404761904765,28.62863095238096,27.38244047619048,27.87833333333333,7.7425,7.0075,26.070833333333336,67.42011904761905,61.30494047619048,62.186726190476186,71.25744047619048,2016.0,1660.0,1659.0,1692.0,356.0,1756.75
2015,34,2015-08-23,2015-08-29,1567,32.663988095238096,24.745476190476197,28.12910714285714,35.784166666666664,6.083333333333333,68.60827380952381,1.7277976190476192,7.9185119047619,18.12910714285714,1,1.1291071428571406,1,1,-0.8229838658936564,-0.5680647467311559,28.655416666666667,27.93339285714286,29.349404761904765,28.62863095238096,22.23958333333333,27.87833333333333,7.7425,7.0075,66.11940476190476,67.42011904761905,61.30494047619048,62.186726190476186,2295.0,2016.0,1660.0,1659.0,279.0,1907.5
2015,35,2015-08-30,2015-09-05,2478,30.556785714285716,23.973630952380955,26.706190476190475,139.31041666666667,7.0,76.29803571428572,1.6095238095238094,6.583154761904762,16.706190476190475,1,0.2938095238095251,1,1,-0.8854560256532096,-0.4647231720437691,28.12910714285714,28.655416666666667,27.93339285714286,29.349404761904765,35.784166666666664,22.23958333333333,27.87833333333333,7.7425,68.60827380952381,66.11940476190476,67.42011904761905,61.30494047619048,1567.0,2295.0,2016.0,1660.0,-728.0,1884.5
2015,36,2015-09-06,2015-09-12,2478,30.330714285714283,24.043511904761903,26.78482142857143,47.53041666666667,7.0,76.67982142857143,1.4792261904761903,6.28720238095238,16.78482142857143,1,0.2151785714285701,1,1,-0.9350162426854147,-0.3546048870425359,26.706190476190475,28.12910714285714,28.655416666666667,27.93339285714286,139.31041666666667,35.784166666666664,22.23958333333333,27.87833333333333,76.29803571428572,68.60827380952381,66.11940476190476,67.42011904761905,2478.0,1567.0,2295.0,2016.0,911.0,2089.0
2015,37,2015-09-13,2015-09-19,1897,29.7325,24.104821428571427,26.66404761904762,60.05625,7.0,78.60910714285714,1.374404761904762,5.627678571428575,16.66404761904762,1,0.33595238095238145,1,1,-0.970941817426052,-0.23931566428755774,26.78482142857143,26.706190476190475,28.12910714285714,28.655416666666667,47.53041666666667,139.31041666666667,35.784166666666664,22.23958333333333,76.67982142857143,76.29803571428572,68.60827380952381,66.11940476190476,2478.0,2478.0,1567.0,2295.0,0.0,2204.5
2015,38,2015-09-20,2015-09-26,1851,28.204285714285717,23.49470238095238,25.624285714285715,67.49083333333333,7.0,82.43142857142857,1.5631547619047617,4.709583333333338,15.624285714285715,1,1.3757142857142846,1,1,-0.992708874098054,-0.12053668025532357,26.66404761904762,26.78482142857143,26.706190476190475,28.12910714285714,60.05625,47.53041666666667,139.31041666666667,35.784166666666664,78.60910714285714,76.67982142857143,76.29803571428572,68.60827380952381,1897.0,2478.0,2478.0,1567.0,-581.0,2105.0
2015,39,2015-09-27,2015-10-03,1897,28.83333333333333,24.000833333333333,26.119761904761905,79.53458333333334,7.0,82.8979761904762,1.3279761904761906,4.832499999999996,16.119761904761905,1,0.880238095238095,1,1,-1.0,-1.8369701987210297e-16,25.624285714285715,26.66404761904762,26.78482142857143,26.706190476190475,67.49083333333333,60.05625,47.53041666666667,139.31041666666667,82.43142857142857,78.60910714285714,76.67982142857143,76.29803571428572,1851.0,1897.0,2478.0,2478.0,-46.0,2176.0
2015,40,2015-10-04,2015-10-10,2059,30.31547619047619,23.702321428571427,26.731309523809525,20.598333333333333,7.0,78.0039880952381,1.5685714285714285,6.613154761904763,16.731309523809525,1,0.2686904761904749,1,1,-0.992708874098054,0.1205366802553232,26.119761904761905,25.624285714285715,26.66404761904762,26.78482142857143,79.53458333333334,67.49083333333333,60.05625,47.53041666666667,82.8979761904762,82.43142857142857,78.60910714285714,76.67982142857143,1897.0,1851.0,1897.0,2478.0,46.0,2030.75
2015,41,2015-10-11,2015-10-17,1918,28.05392857142857,23.42892857142857,25.452261904761908,114.72916666666669,7.0,84.55077380952382,1.9223809523809523,4.625,15.452261904761908,1,1.547738095238092,1,1,-0.9709418174260521,0.23931566428755738,26.731309523809525,26.119761904761905,25.624285714285715,26.66404761904762,20.598333333333333,79.53458333333334,67.49083333333333,60.05625,78.0039880952381,82.8979761904762,82.43142857142857,78.60910714285714,2059.0,1897.0,1851.0,1897.0,162.0,1926.0
2015,42,2015-10-18,2015-10-24,1920,28.182619047619045,23.413809523809523,25.542619047619045,87.74333333333334,6.875,85.83303571428571,1.6498214285714283,4.768809523809523,15.542619047619045,1,1.457380952380955,1,1,-0.9350162426854148,0.35460488704253557,25.452261904761908,26.731309523809525,26.119761904761905,25.624285714285715,114.72916666666669,20.598333333333333,79.53458333333334,67.49083333333333,84.55077380952382,78.0039880952381,82.8979761904762,82.43142857142857,1918.0,2059.0,1897.0,1851.0,-141.0,1931.25
2015,43,2015-10-25,2015-10-31,1742,28.81767857142857,23.69577380952381,25.830238095238094,43.20916666666667,7.0,84.44958333333334,1.4329761904761904,5.121904761904759,15.830238095238094,1,1.1697619047619057,1,1,-0.8854560256532101,0.464723172043768,25.542619047619045,25.452261904761908,26.731309523809525,26.119761904761905,87.74333333333334,114.72916666666669,20.598333333333333,79.53458333333334,85.83303571428571,84.55077380952382,78.0039880952381,82.8979761904762,1920.0,1918.0,2059.0,1897.0,2.0,1948.5
2015,44,2015-11-01,2015-11-07,1254,29.16636904761905,23.313035714285714,25.972023809523808,41.90416666666667,7.0,79.96136904761904,1.3758333333333337,5.853333333333335,15.972023809523808,1,1.027976190476192,1,0,-0.822983865893657,0.5680647467311548,25.830238095238094,25.542619047619045,25.452261904761908,26.731309523809525,43.20916666666667,87.74333333333334,114.72916666666669,20.598333333333333,84.44958333333334,85.83303571428571,84.55077380952382,78.0039880952381,1742.0,1920.0,1918.0,2059.0,-178.0,1909.75
2015,45,2015-11-08,2015-11-14,1895,28.899285714285718,23.57142857142857,26.018988095238097,10.90125,6.833333333333333,80.06136904761904,1.4765476190476192,5.327857142857148,16.018988095238097,1,0.9810119047619033,1,0,-0.7485107481711011,0.6631226582407952,25.972023809523808,25.830238095238094,25.542619047619045,25.452261904761908,41.90416666666667,43.20916666666667,87.74333333333334,114.72916666666669,79.96136904761904,84.44958333333334,85.83303571428571,84.55077380952382,1254.0,1742.0,1920.0,1918.0,-488.0,1708.5
2015,46,2015-11-15,2015-11-21,1467,28.70327380952381,23.509226190476188,25.69511904761905,31.7025,6.291666666666667,83.12505952380953,1.7157738095238095,5.194047619047623,15.695119047619048,1,1.3048809523809517,1,0,-0.6631226582407955,0.7485107481711007,26.018988095238097,25.972023809523808,25.830238095238094,25.542619047619045,10.90125,41.90416666666667,43.20916666666667,87.74333333333334,80.06136904761904,79.96136904761904,84.44958333333334,85.83303571428571,1895.0,1254.0,1742.0,1920.0,641.0,1702.75
2015,47,2015-11-22,2015-11-28,1046,29.64160714285714,22.61297619047619,25.78071428571429,11.449166666666663,5.583333333333333,78.04880952380954,2.264642857142857,7.028630952380951,15.78071428571429,1,1.2192857142857108,1,0,-0.5680647467311559,0.8229838658936564,25.69511904761905,26.018988095238097,25.972023809523808,25.830238095238094,31.7025,10.90125,41.90416666666667,43.20916666666667,83.12505952380953,80.06136904761904,79.96136904761904,84.44958333333334,1467.0,1895.0,1254.0,1742.0,-428.0,1589.5
2015,48,2015-11-29,2015-12-05,1098,29.355476190476192,21.129464285714285,24.769880952380955,1.46125,2.708333333333333,74.72886904761906,3.2566666666666664,8.226011904761908,14.769880952380955,1,2.230119047619045,0,0,-0.4647231720437684,0.88545602565321,25.78071428571429,25.69511904761905,26.018988095238097,25.972023809523808,11.449166666666663,31.7025,10.90125,41.90416666666667,78.04880952380954,83.12505952380953,80.06136904761904,79.96136904761904,1046.0,1467.0,1895.0,1254.0,-421.0,1415.5
2015,49,2015-12-06,2015-12-12,681,30.223333333333333,22.10458333333333,25.72404761904762,1.7312500000000002,3.75,74.84785714285714,2.733988095238095,8.118750000000002,15.72404761904762,1,1.2759523809523792,0,0,-0.35460488704253595,0.9350162426854147,24.769880952380955,25.78071428571429,25.69511904761905,26.018988095238097,1.46125,11.449166666666663,31.7025,10.90125,74.72886904761906,78.04880952380954,83.12505952380953,80.06136904761904,1098.0,1046.0,1467.0,1895.0,52.0,1376.5
2015,50,2015-12-13,2015-12-19,512,29.753273809523808,23.294821428571428,25.974166666666665,9.192916666666669,6.791666666666667,79.21511904761904,1.7229166666666669,6.45845238095238,15.974166666666665,1,1.0258333333333347,0,0,-0.2393156642875578,0.970941817426052,25.72404761904762,24.769880952380955,25.78071428571429,25.69511904761905,1.7312500000000002,1.46125,11.449166666666663,31.7025,74.84785714285714,74.72886904761906,78.04880952380954,83.12505952380953,681.0,1098.0,1046.0,1467.0,-417.0,1073.0
2015,51,2015-12-20,2015-12-26,386,31.0825,22.54559523809524,26.38952380952381,0.1675,0.25,71.0285119047619,2.387023809523809,8.536904761904761,16.38952380952381,1,0.6104761904761915,0,0,-0.12053668025532363,0.992708874098054,25.974166666666665,25.72404761904762,24.769880952380955,25.78071428571429,9.192916666666669,1.7312500000000002,1.46125,11.449166666666663,79.21511904761904,74.84785714285714,74.72886904761906,78.04880952380954,512.0,681.0,1098.0,1046.0,-169.0,834.25
2015,52,2015-12-27,2016-01-02,387,31.325,22.39875,26.38773809523809,1.6458333333333333,2.0,69.63285714285713,2.034404761904762,8.92625,16.38773809523809,1,0.6122619047619082,0,0,6.432490598706546e-16,1.0,26.38952380952381,25.974166666666665,25.72404761904762,24.769880952380955,0.1675,9.192916666666669,1.7312500000000002,1.46125,71.0285119047619,79.21511904761904,74.84785714285714,74.72886904761906,386.0,512.0,681.0,1098.0,-126.0,669.25
2016,1,2016-01-03,2016-01-09,386,30.91297619047619,22.078869047619047,25.901309523809527,0.295,0.25,70.21125,2.2075,8.834107142857142,15.901309523809527,1,1.0986904761904732,0,0,0.12053668025532305,0.992708874098054,26.38773809523809,26.38952380952381,25.974166666666665,25.72404761904762,1.6458333333333333,0.1675,9.192916666666669,1.7312500000000002,69.63285714285713,71.0285119047619,79.21511904761904,74.84785714285714,387.0,386.0,512.0,681.0,1.0,491.5
2016,2,2016-01-10,2016-01-16,365,31.052142857142854,22.27625,26.09,0.38125,0.6666666666666666,69.99416666666666,1.746190476190476,8.775892857142853,16.09,1,0.9100000000000001,0,0,0.23931566428755774,0.970941817426052,25.901309523809527,26.38773809523809,26.38952380952381,25.974166666666665,0.295,1.6458333333333333,0.1675,9.192916666666669,70.21125,69.63285714285713,71.0285119047619,79.21511904761904,386.0,387.0,386.0,512.0,-1.0,417.75
2016,3,2016-01-17,2016-01-23,391,31.490416666666665,21.02267857142857,25.56571428571429,0.42875,1.0833333333333333,62.934285714285714,3.7764880952380953,10.467738095238094,15.56571428571429,1,1.4342857142857106,0,0,0.3546048870425356,0.9350162426854148,26.09,25.901309523809527,26.38773809523809,26.38952380952381,0.38125,0.295,1.6458333333333333,0.1675,69.99416666666666,70.21125,69.63285714285713,71.0285119047619,365.0,386.0,387.0,386.0,-21.0,381.0
2016,4,2016-01-24,2016-01-30,313,31.473035714285714,20.39119047619048,25.15648809523809,0.3695833333333333,1.1666666666666667,62.33077380952381,3.0903571428571426,11.081845238095234,15.156488095238089,1,1.843511904761911,0,0,0.4647231720437685,0.8854560256532099,25.56571428571429,26.09,25.901309523809527,26.38773809523809,0.42875,0.38125,0.295,1.6458333333333333,62.934285714285714,69.99416666666666,70.21125,69.63285714285713,391.0,365.0,386.0,387.0,26.0,382.25
2016,5,2016-01-31,2016-02-06,288,31.98339285714286,22.157023809523807,26.33880952380952,0.7466666666666666,2.1666666666666665,64.47250000000001,2.615892857142857,9.826369047619053,16.33880952380952,1,0.6611904761904803,0,0,0.5680647467311558,0.8229838658936564,25.15648809523809,25.56571428571429,26.09,25.901309523809527,0.3695833333333333,0.42875,0.38125,0.295,62.33077380952381,62.934285714285714,69.99416666666666,70.21125,313.0,391.0,365.0,386.0,-78.0,363.75
2016,6,2016-02-07,2016-02-13,237,30.35940476190476,19.37446428571429,23.86261904761905,2.617083333333333,3.9166666666666665,59.60053571428571,6.6396428571428565,10.98494047619047,13.862619047619049,1,3.1373809523809513,0,0,0.6631226582407952,0.7485107481711011,26.33880952380952,25.15648809523809,25.56571428571429,26.09,0.7466666666666666,0.3695833333333333,0.42875,0.38125,64.47250000000001,62.33077380952381,62.934285714285714,69.99416666666666,288.0,313.0,391.0,365.0,-25.0,339.25
2016,7,2016-02-14,2016-02-20,182,33.54208333333333,22.32142857142857,27.27190476190476,1.4225,3.0416666666666665,59.08642857142857,3.722678571428572,11.220654761904761,17.27190476190476,1,0.27190476190476076,0,0,0.7485107481711011,0.6631226582407953,23.86261904761905,26.33880952380952,25.15648809523809,25.56571428571429,2.617083333333333,0.7466666666666666,0.3695833333333333,0.42875,59.60053571428571,64.47250000000001,62.33077380952381,62.934285714285714,237.0,288.0,313.0,391.0,-51.0,307.25
2016,8,2016-02-21,2016-02-27,182,32.32458333333333,22.08059523809524,26.52404761904762,1.8616666666666664,3.208333333333333,61.447738095238094,4.117083333333333,10.243988095238091,16.52404761904762,1,0.47595238095237846,0,0,0.8229838658936564,0.5680647467311559,27.27190476190476,23.86261904761905,26.33880952380952,25.15648809523809,1.4225,2.617083333333333,0.7466666666666666,0.3695833333333333,59.08642857142857,59.60053571428571,64.47250000000001,62.33077380952381,182.0,237.0,288.0,313.0,-55.0,255.0
2016,9,2016-02-28,2016-03-05,180,33.6477380952381,23.080892857142857,27.728035714285717,1.4533333333333334,2.375,57.10869047619048,2.7642261904761902,10.56684523809524,17.728035714285717,1,0.728035714285717,0,0,0.8854560256532099,0.4647231720437686,26.52404761904762,27.27190476190476,23.86261904761905,26.33880952380952,1.8616666666666664,1.4225,2.617083333333333,0.7466666666666666,61.447738095238094,59.08642857142857,59.60053571428571,64.47250000000001,182.0,182.0,237.0,288.0,0.0,222.25
2016,10,2016-03-06,2016-03-12,198,32.00154761904762,24.05982142857143,27.31023809523809,4.5025,6.458333333333333,68.4557738095238,2.030119047619048,7.941726190476192,17.31023809523809,1,0.3102380952380912,0,0,0.9350162426854148,0.35460488704253557,27.728035714285717,26.52404761904762,27.27190476190476,23.86261904761905,1.4533333333333334,1.8616666666666664,1.4225,2.617083333333333,57.10869047619048,61.447738095238094,59.08642857142857,59.60053571428571,180.0,182.0,182.0,237.0,-2.0,195.25
2016,11,2016-03-13,2016-03-19,153,32.59196428571428,23.89470238095238,27.503273809523808,0.9858333333333332,2.333333333333333,66.57089285714285,2.184702380952381,8.697261904761902,17.503273809523808,1,0.5032738095238081,0,0,0.970941817426052,0.23931566428755804,27.31023809523809,27.728035714285717,26.52404761904762,27.27190476190476,4.5025,1.4533333333333334,1.8616666666666664,1.4225,68.4557738095238,57.10869047619048,61.447738095238094,59.08642857142857,198.0,180.0,182.0,182.0,18.0,185.5
2016,12,2016-03-20,2016-03-26,146,34.42684523809524,23.621488095238096,28.25690476190476,7.270416666666667,3.2916666666666665,60.042678571428574,3.1235714285714287,10.805357142857144,18.25690476190476,1,1.2569047619047602,0,0,0.992708874098054,0.120536680255323,27.503273809523808,27.31023809523809,27.728035714285717,26.52404761904762,0.9858333333333332,4.5025,1.4533333333333334,1.8616666666666664,66.57089285714285,68.4557738095238,57.10869047619048,61.447738095238094,153.0,198.0,180.0,182.0,-45.0,178.25
2016,13,2016-03-27,2016-04-02,205,33.190892857142856,24.64011904761905,28.187261904761908,0.5408333333333334,1.5833333333333333,65.53196428571428,2.54797619047619,8.550773809523808,18.187261904761908,1,1.1872619047619075,0,0,1.0,-1.6081226496766364e-16,28.25690476190476,27.503273809523808,27.31023809523809,27.728035714285717,7.270416666666667,0.9858333333333332,4.5025,1.4533333333333334,60.042678571428574,66.57089285714285,68.4557738095238,57.10869047619048,146.0,153.0,198.0,180.0,-7.0,169.25
2016,14,2016-04-03,2016-04-09,213,36.52886904761905,24.6475,30.042261904761904,0.6291666666666667,2.208333333333333,51.25535714285714,2.956488095238095,11.881369047619046,20.042261904761904,1,3.0422619047619044,0,0,0.992708874098054,-0.12053668025532288,28.187261904761908,28.25690476190476,27.503273809523808,27.31023809523809,0.5408333333333334,7.270416666666667,0.9858333333333332,4.5025,65.53196428571428,60.042678571428574,66.57089285714285,68.4557738095238,205.0,146.0,153.0,198.0,59.0,175.5
2016,15,2016-04-10,2016-04-16,0,33.52410714285714,24.972916666666663,28.607202380952383,1.95375,1.375,60.066964285714285,2.583333333333333,8.551190476190477,18.607202380952383,1,1.6072023809523834,0,0,0.9709418174260521,-0.2393156642875575,30.042261904761904,28.187261904761908,28.25690476190476,27.503273809523808,0.6291666666666667,0.5408333333333334,7.270416666666667,0.9858333333333332,51.25535714285714,65.53196428571428,60.042678571428574,66.57089285714285,213.0,205.0,146.0,153.0,8.0,179.25
2016,16,2016-04-17,2016-04-23,437,33.78607142857143,25.42,29.01702380952381,7.254583333333334,6.625,60.65035714285714,2.0316071428571427,8.36607142857143,19.01702380952381,1,2.0170238095238098,0,0,0.9350162426854148,-0.35460488704253545,28.607202380952383,30.042261904761904,28.187261904761908,28.25690476190476,1.95375,0.6291666666666667,0.5408333333333334,7.270416666666667,60.066964285714285,51.25535714285714,65.53196428571428,60.042678571428574,0.0,213.0,205.0,146.0,-213.0,141.0
2016,17,2016-04-24,2016-04-30,260,31.963035714285716,25.41577380952381,27.96821428571428,32.43916666666667,7.0,72.62583333333333,2.0033333333333334,6.547261904761907,17.96821428571428,1,0.9682142857142786,1,0,0.8854560256532099,-0.4647231720437685,29.01702380952381,28.607202380952383,30.042261904761904,28.187261904761908,7.254583333333334,1.95375,0.6291666666666667,0.5408333333333334,60.65035714285714,60.066964285714285,51.25535714285714,65.53196428571428,437.0,0.0,213.0,205.0,437.0,213.75
2016,18,2016-05-01,2016-05-07,313,31.46107142857143,24.540000000000003,27.52827380952381,37.18083333333333,7.0,75.88958333333333,2.1508333333333334,6.921071428571427,17.52827380952381,1,0.5282738095238102,1,1,0.8229838658936565,-0.5680647467311557,27.96821428571428,29.01702380952381,28.607202380952383,30.042261904761904,32.43916666666667,7.254583333333334,1.95375,0.6291666666666667,72.62583333333333,60.65035714285714,60.066964285714285,51.25535714285714,260.0,437.0,0.0,213.0,-177.0,227.5
2016,19,2016-05-08,2016-05-14,200,33.120178571428575,25.020476190476188,28.363928571428573,7.41125,6.75,66.39732142857143,1.812142857142857,8.099702380952387,18.363928571428573,1,1.3639285714285734,0,1,0.7485107481711013,-0.663122658240795,27.52827380952381,27.96821428571428,29.01702380952381,28.607202380952383,37.18083333333333,32.43916666666667,7.254583333333334,1.95375,75.88958333333333,72.62583333333333,60.65035714285714,60.066964285714285,313.0,260.0,437.0,0.0,53.0,252.5
2016,20,2016-05-15,2016-05-21,282,32.752500000000005,25.49565476190476,28.47702380952381,17.192083333333333,6.458333333333333,70.77440476190476,1.6866071428571427,7.256845238095245,18.47702380952381,1,1.4770238095238106,1,1,0.6631226582407952,-0.7485107481711012,28.363928571428573,27.52827380952381,27.96821428571428,29.01702380952381,7.41125,37.18083333333333,32.43916666666667,7.254583333333334,66.39732142857143,75.88958333333333,72.62583333333333,60.65035714285714,200.0,313.0,260.0,437.0,-113.0,302.5
2016,21,2016-05-22,2016-05-28,232,33.35785714285714,25.47934523809524,28.62946428571429,48.156666666666666,4.875,72.3457142857143,2.047083333333333,7.8785119047619006,18.62946428571429,1,1.6294642857142883,1,1,0.5680647467311558,-0.8229838658936564,28.47702380952381,28.363928571428573,27.52827380952381,27.96821428571428,17.192083333333333,7.41125,37.18083333333333,32.43916666666667,70.77440476190476,66.39732142857143,75.88958333333333,72.62583333333333,282.0,200.0,313.0,260.0,82.0,263.75
2016,22,2016-05-29,2016-06-04,228,29.95172619047619,23.93380952380953,26.26863095238096,70.32333333333334,7.0,81.06011904761904,2.0154166666666664,6.017916666666661,16.26863095238096,1,0.7313690476190402,1,1,0.46472317204376906,-0.8854560256532096,28.62946428571429,28.47702380952381,28.363928571428573,27.52827380952381,48.156666666666666,17.192083333333333,7.41125,37.18083333333333,72.3457142857143,70.77440476190476,66.39732142857143,75.88958333333333,232.0,282.0,200.0,313.0,-50.0,256.75
2016,23,2016-06-05,2016-06-11,189,28.82083333333333,23.88577380952381,25.987797619047612,51.44625,7.0,82.1827380952381,1.870059523809524,4.935059523809521,15.987797619047612,1,1.0122023809523881,1,1,0.35460488704253584,-0.9350162426854147,26.26863095238096,28.62946428571429,28.47702380952381,28.363928571428573,70.32333333333334,48.156666666666666,17.192083333333333,7.41125,81.06011904761904,72.3457142857143,70.77440476190476,66.39732142857143,228.0,232.0,282.0,200.0,-4.0,235.5
2016,24,2016-06-12,2016-06-18,182,29.439642857142857,23.72517857142857,26.28559523809524,61.32208333333333,6.708333333333333,79.18857142857144,1.494345238095238,5.7144642857142856,16.28559523809524,1,0.7144047619047598,1,1,0.23931566428755768,-0.970941817426052,25.987797619047612,26.26863095238096,28.62946428571429,28.47702380952381,51.44625,70.32333333333334,48.156666666666666,17.192083333333333,82.1827380952381,81.06011904761904,72.3457142857143,70.77440476190476,189.0,228.0,232.0,282.0,-39.0,232.75
2016,25,2016-06-19,2016-06-25,151,30.351011904761904,23.83494047619048,26.910535714285714,45.79083333333333,7.0,76.52220238095238,1.5299404761904762,6.516071428571426,16.910535714285714,1,0.08946428571428555,1,1,0.12053668025532308,-0.992708874098054,26.28559523809524,25.987797619047612,26.26863095238096,28.62946428571429,61.32208333333333,51.44625,70.32333333333334,48.156666666666666,79.18857142857144,82.1827380952381,81.06011904761904,72.3457142857143,182.0,189.0,228.0,232.0,-7.0,207.75
2016,26,2016-06-26,2016-07-02,130,30.873214285714287,23.78273809523809,27.07952380952381,38.50875,7.0,74.67107142857144,1.9589880952380951,7.0904761904761955,17.07952380952381,1,0.07952380952380977,1,1,-3.216245299353273e-16,-1.0,26.910535714285714,26.28559523809524,25.987797619047612,26.26863095238096,45.79083333333333,61.32208333333333,51.44625,70.32333333333334,76.52220238095238,79.18857142857144,82.1827380952381,81.06011904761904,151.0,182.0,189.0,228.0,-31.0,187.5
2016,27,2016-07-03,2016-07-09,129,31.26059523809524,24.14,27.369464285714287,29.80625,6.75,74.38130952380953,2.0444642857142856,7.120595238095241,17.369464285714287,1,0.3694642857142867,1,1,-0.12053668025532283,-0.992708874098054,27.07952380952381,26.910535714285714,26.28559523809524,25.987797619047612,38.50875,45.79083333333333,61.32208333333333,51.44625,74.67107142857144,76.52220238095238,79.18857142857144,82.1827380952381,130.0,151.0,182.0,189.0,-21.0,163.0
2016,28,2016-07-10,2016-07-16,119,31.22125,24.04339285714286,27.35464285714286,29.09125,6.875,72.84738095238096,1.4986309523809525,7.1778571428571425,17.35464285714286,1,0.3546428571428599,1,1,-0.23931566428755743,-0.9709418174260521,27.369464285714287,27.07952380952381,26.910535714285714,26.28559523809524,29.80625,38.50875,45.79083333333333,61.32208333333333,74.38130952380953,74.67107142857144,76.52220238095238,79.18857142857144,129.0,130.0,151.0,182.0,-1.0,148.0
2016,29,2016-07-17,2016-07-23,104,30.79255952380953,23.69172619047619,26.866964285714285,61.92250000000001,7.0,75.20714285714286,1.5257738095238096,7.100833333333341,16.866964285714285,1,0.1330357142857146,1,1,-0.3546048870425356,-0.9350162426854148,27.35464285714286,27.369464285714287,27.07952380952381,26.910535714285714,29.09125,29.80625,38.50875,45.79083333333333,72.84738095238096,74.38130952380953,74.67107142857144,76.52220238095238,119.0,129.0,130.0,151.0,-10.0,132.25
2016,30,2016-07-24,2016-07-30,0,30.921785714285715,23.95642857142857,27.25482142857143,28.160833333333333,6.875,71.99190476190476,1.5457142857142856,6.965357142857144,17.25482142857143,1,0.25482142857142875,1,1,-0.46472317204376806,-0.8854560256532101,26.866964285714285,27.35464285714286,27.369464285714287,27.07952380952381,61.92250000000001,29.09125,29.80625,38.50875,75.20714285714286,72.84738095238096,74.38130952380953,74.67107142857144,104.0,119.0,129.0,130.0,-15.0,120.5
2016,31,2016-07-31,2016-08-06,224,30.17482142857143,23.70577380952381,26.659940476190474,37.49875,7.0,77.16678571428572,1.8635714285714284,6.469047619047622,16.659940476190474,1,0.34005952380952564,1,1,-0.5680647467311556,-0.8229838658936565,27.25482142857143,26.866964285714285,27.35464285714286,27.369464285714287,28.160833333333333,61.92250000000001,29.09125,29.80625,71.99190476190476,75.20714285714286,72.84738095238096,74.38130952380953,0.0,104.0,119.0,129.0,-104.0,88.0
2016,32,2016-08-07,2016-08-13,100,30.50940476190476,24.23684523809524,27.10363095238095,47.14541666666667,7.0,76.83613095238096,1.559107142857143,6.272559523809523,17.10363095238095,1,0.10363095238094999,1,1,-0.663122658240795,-0.7485107481711013,26.659940476190474,27.25482142857143,26.866964285714285,27.35464285714286,37.49875,28.160833333333333,61.92250000000001,29.09125,77.16678571428572,71.99190476190476,75.20714285714286,72.84738095238096,224.0,0.0,104.0,119.0,224.0,111.75
2016,33,2016-08-14,2016-08-20,118,30.553809523809523,23.92452380952381,27.052023809523806,23.195,7.0,75.61065476190477,1.4392857142857145,6.6292857142857144,17.052023809523806,1,0.052023809523806364,1,1,-0.7485107481711011,-0.6631226582407952,27.10363095238095,26.659940476190474,27.25482142857143,26.866964285714285,47.14541666666667,37.49875,28.160833333333333,61.92250000000001,76.83613095238096,77.16678571428572,71.99190476190476,75.20714285714286,100.0,224.0,0.0,104.0,-124.0,107.0
2016,34,2016-08-21,2016-08-27,120,31.25434523809524,23.95767857142857,27.136488095238096,43.57041666666667,6.333333333333333,75.00821428571429,2.04125,7.29666666666667,17.136488095238096,1,0.13648809523809646,1,1,-0.8229838658936564,-0.5680647467311559,27.052023809523806,27.10363095238095,26.659940476190474,27.25482142857143,23.195,47.14541666666667,37.49875,28.160833333333333,75.61065476190477,76.83613095238096,77.16678571428572,71.99190476190476,118.0,100.0,224.0,0.0,18.0,110.5
2016,35,2016-08-28,2016-09-03,86,28.244821428571427,23.88523809523809,25.61297619047619,65.54041666666667,7.0,85.85017857142857,1.688095238095238,4.359583333333337,15.61297619047619,1,1.3870238095238108,1,1,-0.8854560256532096,-0.4647231720437691,27.136488095238096,27.052023809523806,27.10363095238095,26.659940476190474,43.57041666666667,23.195,47.14541666666667,37.49875,75.00821428571429,75.61065476190477,76.83613095238096,77.16678571428572,120.0,118.0,100.0,224.0,2.0,140.5
2016,36,2016-09-04,2016-09-10,96,29.82077380952381,23.202916666666667,26.139821428571427,53.64958333333334,7.0,79.26065476190476,1.633571428571429,6.617857142857144,16.139821428571427,1,0.8601785714285732,1,1,-0.9350162426854147,-0.3546048870425359,25.61297619047619,27.136488095238096,27.052023809523806,27.10363095238095,65.54041666666667,43.57041666666667,23.195,47.14541666666667,85.85017857142857,75.00821428571429,75.61065476190477,76.83613095238096,86.0,120.0,118.0,100.0,-34.0,106.0
2016,37,2016-09-11,2016-09-17,117,28.516309523809525,23.365119047619046,25.56553571428572,79.705,7.0,84.33541666666666,1.5069642857142858,5.151190476190479,15.56553571428572,1,1.4344642857142809,1,1,-0.970941817426052,-0.23931566428755774,26.139821428571427,25.61297619047619,27.136488095238096,27.052023809523806,53.64958333333334,65.54041666666667,43.57041666666667,23.195,79.26065476190476,85.85017857142857,75.00821428571429,75.61065476190477,96.0,86.0,120.0,118.0,10.0,105.0
2016,38,2016-09-18,2016-09-24,126,28.89934523809524,23.22845238095238,25.798392857142854,83.86166666666666,7.0,80.55071428571429,1.5980357142857144,5.67089285714286,15.798392857142854,1,1.2016071428571458,1,1,-0.992708874098054,-0.12053668025532357,25.56553571428572,26.139821428571427,25.61297619047619,27.136488095238096,79.705,53.64958333333334,65.54041666666667,43.57041666666667,84.33541666666666,79.26065476190476,85.85017857142857,75.00821428571429,117.0,96.0,86.0,120.0,21.0,104.75
2016,39,2016-09-25,2016-10-01,129,29.82761904761905,23.07321428571429,26.254583333333333,44.40041666666667,7.0,77.89553571428571,1.6069642857142856,6.754404761904759,16.254583333333333,1,0.7454166666666673,1,1,-1.0,-1.8369701987210297e-16,25.798392857142854,25.56553571428572,26.139821428571427,25.61297619047619,83.86166666666666,79.705,53.64958333333334,65.54041666666667,80.55071428571429,84.33541666666666,79.26065476190476,85.85017857142857,126.0,117.0,96.0,86.0,9.0,106.25
2016,40,2016-10-02,2016-10-08,133,29.584642857142857,23.14565476190476,25.92958333333333,52.15833333333333,7.0,80.99845238095239,1.7610119047619046,6.4389880952380985,15.92958333333333,1,1.0704166666666701,1,1,-0.992708874098054,0.1205366802553232,26.254583333333333,25.798392857142854,25.56553571428572,26.139821428571427,44.40041666666667,83.86166666666666,79.705,53.64958333333334,77.89553571428571,80.55071428571429,84.33541666666666,79.26065476190476,129.0,126.0,117.0,96.0,3.0,117.0
2016,41,2016-10-09,2016-10-15,149,29.49375,23.07869047619048,25.840297619047615,32.85958333333333,7.0,79.93922619047619,1.8386309523809523,6.415059523809518,15.840297619047615,1,1.1597023809523854,1,1,-0.9709418174260521,0.23931566428755738,25.92958333333333,26.254583333333333,25.798392857142854,25.56553571428572,52.15833333333333,44.40041666666667,83.86166666666666,79.705,80.99845238095239,77.89553571428571,80.55071428571429,84.33541666666666,133.0,129.0,126.0,117.0,4.0,126.25
2016,42,2016-10-16,2016-10-22,145,27.67154761904762,22.922857142857143,24.917619047619045,98.95166666666668,7.0,85.65571428571428,1.8282142857142856,4.748690476190475,14.917619047619045,1,2.082380952380955,1,1,-0.9350162426854148,0.35460488704253557,25.840297619047615,25.92958333333333,26.254583333333333,25.798392857142854,32.85958333333333,52.15833333333333,44.40041666666667,83.86166666666666,79.93922619047619,80.99845238095239,77.89553571428571,80.55071428571429,149.0,133.0,129.0,126.0,16.0,134.25
2016,43,2016-10-23,2016-10-29,150,29.78065476190476,21.61702380952381,25.353630952380957,1.8845833333333333,3.125,74.30101190476189,2.4535119047619047,8.163630952380949,15.353630952380957,1,1.646369047619043,0,1,-0.8854560256532101,0.464723172043768,24.917619047619045,25.840297619047615,25.92958333333333,26.254583333333333,98.95166666666668,32.85958333333333,52.15833333333333,44.40041666666667,85.65571428571428,79.93922619047619,80.99845238095239,77.89553571428571,145.0,149.0,133.0,129.0,-4.0,139.0
2016,44,2016-10-30,2016-11-05,104,29.03607142857143,22.756785714285712,25.45720238095238,22.10375,5.958333333333333,79.59863095238096,1.914642857142857,6.279285714285717,15.457202380952381,1,1.5427976190476187,1,0,-0.822983865893657,0.5680647467311548,25.353630952380957,24.917619047619045,25.840297619047615,25.92958333333333,1.8845833333333333,98.95166666666668,32.85958333333333,52.15833333333333,74.30101190476189,85.65571428571428,79.93922619047619,80.99845238095239,150.0,145.0,149.0,133.0,5.0,144.25
2016,45,2016-11-06,2016-11-12,154,29.99773809523809,22.359166666666667,25.757261904761904,2.4545833333333333,4.583333333333333,75.52517857142857,1.9685714285714289,7.638571428571424,15.757261904761904,1,1.2427380952380958,0,0,-0.7485107481711011,0.6631226582407952,25.45720238095238,25.353630952380957,24.917619047619045,25.840297619047615,22.10375,1.8845833333333333,98.95166666666668,32.85958333333333,79.59863095238096,74.30101190476189,85.65571428571428,79.93922619047619,104.0,150.0,145.0,149.0,-46.0,137.0
2016,46,2016-11-13,2016-11-19,68,30.034047619047623,21.85767857142857,25.376071428571432,5.769583333333333,6.625,72.48464285714286,2.9345238095238098,8.176369047619055,15.376071428571432,1,1.6239285714285678,0,0,-0.6631226582407955,0.7485107481711007,25.757261904761904,25.45720238095238,25.353630952380957,24.917619047619045,2.4545833333333333,22.10375,1.8845833333333333,98.95166666666668,75.52517857142857,79.59863095238096,74.30101190476189,85.65571428571428,154.0,104.0,150.0,145.0,50.0,138.25
2016,47,2016-11-20,2016-11-26,86,29.737916666666667,21.061011904761905,24.75797619047619,2.8000000000000003,4.916666666666667,71.38452380952381,3.687738095238096,8.676904761904762,14.757976190476189,1,2.242023809523811,0,0,-0.5680647467311559,0.8229838658936564,25.376071428571432,25.757261904761904,25.45720238095238,25.353630952380957,5.769583333333333,2.4545833333333333,22.10375,1.8845833333333333,72.48464285714286,75.52517857142857,79.59863095238096,74.30101190476189,68.0,154.0,104.0,150.0,-86.0,119.0
2016,48,2016-11-27,2016-12-03,76,29.950416666666666,22.23154761904762,25.398869047619044,1.9270833333333333,2.625,74.8767857142857,1.89625,7.7188690476190445,15.398869047619044,1,1.6011309523809558,0,0,-0.4647231720437684,0.88545602565321,24.75797619047619,25.376071428571432,25.757261904761904,25.45720238095238,2.8000000000000003,5.769583333333333,2.4545833333333333,22.10375,71.38452380952381,72.48464285714286,75.52517857142857,79.59863095238096,86.0,68.0,154.0,104.0,18.0,103.0
2016,49,2016-12-04,2016-12-10,66,30.17684523809524,22.714702380952374,25.790476190476188,5.631666666666667,6.291666666666667,74.53940476190476,2.032916666666667,7.462142857142865,15.790476190476188,1,1.2095238095238123,0,0,-0.35460488704253595,0.9350162426854147,25.398869047619044,24.75797619047619,25.376071428571432,25.757261904761904,1.9270833333333333,2.8000000000000003,5.769583333333333,2.4545833333333333,74.8767857142857,71.38452380952381,72.48464285714286,75.52517857142857,76.0,86.0,68.0,154.0,-10.0,96.0
2016,50,2016-12-11,2016-12-17,47,30.97,22.600654761904764,26.18583333333333,2.2220833333333334,4.75,70.11619047619047,2.3875,8.369345238095235,16.18583333333333,1,0.8141666666666687,0,0,-0.2393156642875578,0.970941817426052,25.790476190476188,25.398869047619044,24.75797619047619,25.376071428571432,5.631666666666667,1.9270833333333333,2.8000000000000003,5.769583333333333,74.53940476190476,74.8767857142857,71.38452380952381,72.48464285714286,66.0,76.0,86.0,68.0,-10.0,74.0
2016,51,2016-12-18,2016-12-24,0,31.613928571428573,21.63125,25.90303571428572,3.1320833333333336,5.458333333333333,66.16250000000001,3.56827380952381,9.982678571428572,15.903035714285721,1,1.0969642857142787,0,0,-0.12053668025532363,0.992708874098054,26.18583333333333,25.790476190476188,25.398869047619044,24.75797619047619,2.2220833333333334,5.631666666666667,1.9270833333333333,2.8000000000000003,70.11619047619047,74.53940476190476,74.8767857142857,71.38452380952381,47.0,66.0,76.0,86.0,-19.0,68.75
2016,52,2016-12-25,2016-12-31,100,31.94779761904762,21.338690476190475,26.04184523809524,0.9220833333333333,3.2916666666666665,63.486428571428576,2.9872023809523807,10.609107142857145,16.04184523809524,1,0.9581547619047583,0,0,6.432490598706546e-16,1.0,25.90303571428572,26.18583333333333,25.790476190476188,25.398869047619044,3.1320833333333336,2.2220833333333334,5.631666666666667,1.9270833333333333,66.16250000000001,70.11619047619047,74.53940476190476,74.8767857142857,0.0,47.0,66.0,76.0,-47.0,47.25
2017,1,2017-01-01,2017-01-07,45,31.999285714285715,21.52392857142857,26.17154761904762,0.2579166666666667,0.7916666666666666,63.25875,1.8032738095238097,10.475357142857145,16.17154761904762,1,0.8284523809523812,0,0,0.12053668025532305,0.992708874098054,26.04184523809524,25.90303571428572,26.18583333333333,25.790476190476188,0.9220833333333333,3.1320833333333336,2.2220833333333334,5.631666666666667,63.486428571428576,66.16250000000001,70.11619047619047,74.53940476190476,100.0,0.0,47.0,66.0,100.0,53.25
2017,2,2017-01-08,2017-01-14,65,30.902261904761904,20.22136904761905,24.828214285714285,1.5804166666666666,2.958333333333333,60.04869047619047,4.92595238095238,10.680892857142855,14.828214285714285,1,2.171785714285715,0,0,0.23931566428755774,0.970941817426052,26.17154761904762,26.04184523809524,25.90303571428572,26.18583333333333,0.2579166666666667,0.9220833333333333,3.1320833333333336,2.2220833333333334,63.25875,63.486428571428576,66.16250000000001,70.11619047619047,45.0,100.0,0.0,47.0,-55.0,48.0
2017,3,2017-01-15,2017-01-21,77,30.560119047619043,21.26619047619048,25.35339285714285,0.8008333333333333,1.5,64.0172619047619,2.048095238095238,9.293928571428562,15.35339285714285,1,1.6466071428571496,0,0,0.3546048870425356,0.9350162426854148,24.828214285714285,26.17154761904762,26.04184523809524,25.90303571428572,1.5804166666666666,0.2579166666666667,0.9220833333333333,3.1320833333333336,60.04869047619047,63.25875,63.486428571428576,66.16250000000001,65.0,45.0,100.0,0.0,20.0,52.5
2017,4,2017-01-22,2017-01-28,66,31.58017857142857,20.83732142857143,25.36577380952381,0.7183333333333333,1.5416666666666667,63.90517857142857,2.1239880952380954,10.74285714285714,15.365773809523809,1,1.6342261904761912,0,0,0.4647231720437685,0.8854560256532099,25.35339285714285,24.828214285714285,26.17154761904762,26.04184523809524,0.8008333333333333,1.5804166666666666,0.2579166666666667,0.9220833333333333,64.0172619047619,60.04869047619047,63.25875,63.486428571428576,77.0,65.0,45.0,100.0,12.0,71.75
2017,5,2017-01-29,2017-02-04,57,32.980357142857144,21.57273809523809,26.62982142857143,0.7858333333333333,2.0,57.34345238095238,3.686785714285714,11.407619047619054,16.62982142857143,1,0.37017857142857125,0,0,0.5680647467311558,0.8229838658936564,25.36577380952381,25.35339285714285,24.828214285714285,26.17154761904762,0.7183333333333333,0.8008333333333333,1.5804166666666666,0.2579166666666667,63.90517857142857,64.0172619047619,60.04869047619047,63.25875,66.0,77.0,65.0,45.0,-11.0,63.25
2017,6,2017-02-05,2017-02-11,87,33.91107142857143,22.858630952380956,27.779702380952383,0.2595833333333333,0.5833333333333334,56.635238095238094,2.6523809523809523,11.052440476190476,17.779702380952383,1,0.7797023809523829,0,0,0.6631226582407952,0.7485107481711011,26.62982142857143,25.36577380952381,25.35339285714285,24.828214285714285,0.7858333333333333,0.7183333333333333,0.8008333333333333,1.5804166666666666,57.34345238095238,63.90517857142857,64.0172619047619,60.04869047619047,57.0,66.0,77.0,65.0,-9.0,66.25
2017,7,2017-02-12,2017-02-18,66,31.49940476190476,22.14535714285714,26.11779761904762,0.7708333333333334,1.5416666666666667,61.51136904761905,2.077559523809524,9.35404761904762,16.11779761904762,1,0.8822023809523785,0,0,0.7485107481711011,0.6631226582407953,27.779702380952383,26.62982142857143,25.36577380952381,25.35339285714285,0.2595833333333333,0.7858333333333333,0.7183333333333333,0.8008333333333333,56.635238095238094,57.34345238095238,63.90517857142857,64.0172619047619,87.0,57.0,66.0,77.0,30.0,71.75
2017,8,2017-02-19,2017-02-25,67,31.652380952380952,22.20482142857143,26.071785714285717,0.9829166666666668,2.333333333333333,67.0955357142857,2.3310119047619047,9.44755952380952,16.071785714285717,1,0.928214285714283,0,0,0.8229838658936564,0.5680647467311559,26.11779761904762,27.779702380952383,26.62982142857143,25.36577380952381,0.7708333333333334,0.2595833333333333,0.7858333333333333,0.7183333333333333,61.51136904761905,56.635238095238094,57.34345238095238,63.90517857142857,66.0,87.0,57.0,66.0,-21.0,69.0
2017,9,2017-02-26,2017-03-04,91,34.37285714285714,23.15702380952381,28.102857142857143,1.2270833333333333,2.083333333333333,54.02089285714285,2.9880952380952377,11.215833333333332,18.102857142857143,1,1.1028571428571432,0,0,0.8854560256532099,0.4647231720437686,26.071785714285717,26.11779761904762,27.779702380952383,26.62982142857143,0.9829166666666668,0.7708333333333334,0.2595833333333333,0.7858333333333333,67.0955357142857,61.51136904761905,56.635238095238094,57.34345238095238,67.0,66.0,87.0,57.0,1.0,69.25
2017,10,2017-03-05,2017-03-11,97,34.68482142857143,23.423214285714284,28.58404761904762,1.0245833333333334,2.083333333333333,52.20511904761904,3.124285714285714,11.261607142857148,18.58404761904762,1,1.5840476190476203,0,0,0.9350162426854148,0.35460488704253557,28.102857142857143,26.071785714285717,26.11779761904762,27.779702380952383,1.2270833333333333,0.9829166666666668,0.7708333333333334,0.2595833333333333,54.02089285714285,67.0955357142857,61.51136904761905,56.635238095238094,91.0,67.0,66.0,87.0,24.0,77.75
2017,11,2017-03-12,2017-03-18,69,32.39547619047619,23.49404761904762,27.19232142857143,12.452916666666669,5.958333333333333,59.98952380952381,3.8641666666666654,8.901428571428568,17.19232142857143,1,0.19232142857142875,1,0,0.970941817426052,0.23931566428755804,28.58404761904762,28.102857142857143,26.071785714285717,26.11779761904762,1.0245833333333334,1.2270833333333333,0.9829166666666668,0.7708333333333334,52.20511904761904,54.02089285714285,67.0955357142857,61.51136904761905,97.0,91.0,67.0,66.0,6.0,80.25
2017,12,2017-03-19,2017-03-25,58,33.85654761904762,21.5525,27.03964285714285,0.05625,0.125,49.9535119047619,3.739107142857143,12.30404761904762,17.03964285714285,1,0.03964285714285154,0,0,0.992708874098054,0.120536680255323,27.19232142857143,28.58404761904762,28.102857142857143,26.071785714285717,12.452916666666669,1.0245833333333334,1.2270833333333333,0.9829166666666668,59.98952380952381,52.20511904761904,54.02089285714285,67.0955357142857,69.0,97.0,91.0,67.0,-28.0,81.0
2017,13,2017-03-26,2017-04-01,97,32.28619047619048,23.173214285714284,27.016547619047618,0.5741666666666667,1.25,63.79857142857143,2.396904761904762,9.112976190476193,17.016547619047618,1,0.0165476190476177,0,0,1.0,-1.6081226496766364e-16,27.03964285714285,27.19232142857143,28.58404761904762,28.102857142857143,0.05625,12.452916666666669,1.0245833333333334,1.2270833333333333,49.9535119047619,59.98952380952381,52.20511904761904,54.02089285714285,58.0,69.0,97.0,91.0,-11.0,78.75
2017,14,2017-04-02,2017-04-08,93,34.45333333333333,24.34190476190476,28.730357142857144,2.674583333333333,2.875,61.062261904761904,2.381011904761905,10.111428571428572,18.730357142857144,1,1.7303571428571445,0,0,0.992708874098054,-0.12053668025532288,27.016547619047618,27.03964285714285,27.19232142857143,28.58404761904762,0.5741666666666667,0.05625,12.452916666666669,1.0245833333333334,63.79857142857143,49.9535119047619,59.98952380952381,52.20511904761904,97.0,58.0,69.0,97.0,39.0,80.25
2017,15,2017-04-09,2017-04-15,48,34.889404761904764,24.652202380952374,29.069642857142856,3.119166666666666,4.166666666666667,52.05553571428572,2.6175,10.23720238095239,19.069642857142856,1,2.0696428571428562,0,0,0.9709418174260521,-0.2393156642875575,28.730357142857144,27.016547619047618,27.03964285714285,27.19232142857143,2.674583333333333,0.5741666666666667,0.05625,12.452916666666669,61.062261904761904,63.79857142857143,49.9535119047619,59.98952380952381,93.0,97.0,58.0,69.0,-4.0,79.25
2017,16,2017-04-16,2017-04-22,57,33.92625,24.217440476190475,28.380416666666665,13.45125,6.0,61.8792261904762,2.345059523809524,9.708809523809528,18.380416666666665,1,1.3804166666666653,1,0,0.9350162426854148,-0.35460488704253545,29.069642857142856,28.730357142857144,27.016547619047618,27.03964285714285,3.119166666666666,2.674583333333333,0.5741666666666667,0.05625,52.05553571428572,61.062261904761904,63.79857142857143,49.9535119047619,48.0,93.0,97.0,58.0,-45.0,74.0
2017,17,2017-04-23,2017-04-29,46,32.88827380952381,24.450416666666666,28.03535714285714,25.446250000000003,6.666666666666667,67.66553571428572,2.2133333333333334,8.437857142857144,18.03535714285714,1,1.0353571428571406,1,0,0.8854560256532099,-0.4647231720437685,28.380416666666665,29.069642857142856,28.730357142857144,27.016547619047618,13.45125,3.119166666666666,2.674583333333333,0.5741666666666667,61.8792261904762,52.05553571428572,61.062261904761904,63.79857142857143,57.0,48.0,93.0,97.0,9.0,73.75
2017,18,2017-04-30,2017-05-06,83,29.576309523809524,24.146071428571428,26.490714285714287,88.95791666666666,7.0,78.30535714285713,1.726845238095238,5.430238095238096,16.490714285714287,1,0.5092857142857135,1,1,0.8229838658936565,-0.5680647467311557,28.03535714285714,28.380416666666665,29.069642857142856,28.730357142857144,25.446250000000003,13.45125,3.119166666666666,2.674583333333333,67.66553571428572,61.8792261904762,52.05553571428572,61.062261904761904,46.0,57.0,48.0,93.0,-11.0,61.0
2017,19,2017-05-07,2017-05-13,46,29.438571428571432,23.966309523809525,26.21636904761905,52.07208333333333,7.0,79.68654761904762,1.846607142857143,5.472261904761908,16.21636904761905,1,0.7836309523809497,1,1,0.7485107481711013,-0.663122658240795,26.490714285714287,28.03535714285714,28.380416666666665,29.069642857142856,88.95791666666666,25.446250000000003,13.45125,3.119166666666666,78.30535714285713,67.66553571428572,61.8792261904762,52.05553571428572,83.0,46.0,57.0,48.0,37.0,58.5
2017,20,2017-05-14,2017-05-20,102,30.03035714285714,24.48613095238095,26.69482142857143,52.45083333333333,7.0,82.13648809523811,1.7901190476190478,5.544226190476191,16.69482142857143,1,0.30517857142856997,1,1,0.6631226582407952,-0.7485107481711012,26.21636904761905,26.490714285714287,28.03535714285714,28.380416666666665,52.07208333333333,88.95791666666666,25.446250000000003,13.45125,79.68654761904762,78.30535714285713,67.66553571428572,61.8792261904762,46.0,83.0,46.0,57.0,-37.0,58.0
2017,21,2017-05-21,2017-05-27,75,29.39375,24.216666666666665,26.402380952380952,53.81958333333333,7.0,82.83636904761904,1.646904761904762,5.177083333333336,16.402380952380952,1,0.5976190476190482,1,1,0.5680647467311558,-0.8229838658936564,26.69482142857143,26.21636904761905,26.490714285714287,28.03535714285714,52.45083333333333,52.07208333333333,88.95791666666666,25.446250000000003,82.13648809523811,79.68654761904762,78.30535714285713,67.66553571428572,102.0,46.0,83.0,46.0,56.0,69.25
2017,22,2017-05-28,2017-06-03,166,28.816190476190474,24.000833333333333,26.08184523809524,33.815000000000005,7.0,82.48708333333333,1.5486309523809525,4.815357142857142,16.08184523809524,1,0.9181547619047592,1,1,0.46472317204376906,-0.8854560256532096,26.402380952380952,26.69482142857143,26.21636904761905,26.490714285714287,53.81958333333333,52.45083333333333,52.07208333333333,88.95791666666666,82.83636904761904,82.13648809523811,79.68654761904762,78.30535714285713,75.0,102.0,46.0,83.0,-27.0,76.5
2017,23,2017-06-04,2017-06-10,143,29.09982142857143,24.294107142857143,26.34583333333333,44.36208333333334,7.0,84.02630952380953,1.560595238095238,4.805714285714288,16.34583333333333,1,0.6541666666666686,1,1,0.35460488704253584,-0.9350162426854147,26.08184523809524,26.402380952380952,26.69482142857143,26.21636904761905,33.815000000000005,53.81958333333333,52.45083333333333,52.07208333333333,82.48708333333333,82.83636904761904,82.13648809523811,79.68654761904762,166.0,75.0,102.0,46.0,91.0,97.25
2017,24,2017-06-11,2017-06-17,133,27.526011904761905,23.340952380952384,25.112142857142857,92.425,7.0,85.92113095238095,1.7780952380952382,4.185059523809521,15.112142857142857,1,1.8878571428571433,1,1,0.23931566428755768,-0.970941817426052,26.34583333333333,26.08184523809524,26.402380952380952,26.69482142857143,44.36208333333334,33.815000000000005,53.81958333333333,52.45083333333333,84.02630952380953,82.48708333333333,82.83636904761904,82.13648809523811,143.0,166.0,75.0,102.0,-23.0,121.5
2017,25,2017-06-18,2017-06-24,109,27.29654761904762,23.38654761904762,25.09952380952381,75.185,7.0,86.04232142857143,1.9254166666666668,3.91,15.09952380952381,1,1.9004761904761907,1,1,0.12053668025532308,-0.992708874098054,25.112142857142857,26.34583333333333,26.08184523809524,26.402380952380952,92.425,44.36208333333334,33.815000000000005,53.81958333333333,85.92113095238095,84.02630952380953,82.48708333333333,82.83636904761904,133.0,143.0,166.0,75.0,-10.0,129.25
2017,26,2017-06-25,2017-07-01,83,29.585654761904763,23.54017857142857,26.348630952380955,71.33208333333333,7.0,80.13857142857142,1.6141666666666667,6.045476190476194,16.348630952380955,1,0.6513690476190455,1,1,-3.216245299353273e-16,-1.0,25.09952380952381,25.112142857142857,26.34583333333333,26.08184523809524,75.185,92.425,44.36208333333334,33.815000000000005,86.04232142857143,85.92113095238095,84.02630952380953,82.48708333333333,109.0,133.0,143.0,166.0,-24.0,137.75
2017,27,2017-07-02,2017-07-08,68,29.56898809523809,23.57244047619048,26.508511904761903,60.708333333333336,7.0,79.565,1.591845238095238,5.996547619047611,16.508511904761903,1,0.4914880952380969,1,1,-0.12053668025532283,-0.992708874098054,26.348630952380955,25.09952380952381,25.112142857142857,26.34583333333333,71.33208333333333,75.185,92.425,44.36208333333334,80.13857142857142,86.04232142857143,85.92113095238095,84.02630952380953,83.0,109.0,133.0,143.0,-26.0,117.0
2017,28,2017-07-09,2017-07-15,78,29.506607142857145,23.36755952380952,26.31255952380953,48.18625,6.875,78.99035714285715,1.640238095238095,6.139047619047627,16.31255952380953,1,0.6874404761904707,1,1,-0.23931566428755743,-0.9709418174260521,26.508511904761903,26.348630952380955,25.09952380952381,25.112142857142857,60.708333333333336,71.33208333333333,75.185,92.425,79.565,80.13857142857142,86.04232142857143,85.92113095238095,68.0,83.0,109.0,133.0,-15.0,98.25
2017,29,2017-07-16,2017-07-22,67,29.96619047619048,23.485059523809525,26.51595238095238,42.59,7.0,78.99559523809525,1.892559523809524,6.481130952380955,16.51595238095238,1,0.48404761904761884,1,1,-0.3546048870425356,-0.9350162426854148,26.31255952380953,26.508511904761903,26.348630952380955,25.09952380952381,48.18625,60.708333333333336,71.33208333333333,75.185,78.99035714285715,79.565,80.13857142857142,86.04232142857143,78.0,68.0,83.0,109.0,10.0,84.5
2017,30,2017-07-23,2017-07-29,56,30.46220238095238,23.783690476190475,26.93059523809524,46.744166666666665,7.0,78.16071428571429,1.75,6.678511904761905,16.93059523809524,1,0.06940476190476019,1,1,-0.46472317204376806,-0.8854560256532101,26.51595238095238,26.31255952380953,26.508511904761903,26.348630952380955,42.59,48.18625,60.708333333333336,71.33208333333333,78.99559523809525,78.99035714285715,79.565,80.13857142857142,67.0,78.0,68.0,83.0,-11.0,74.0
2017,31,2017-07-30,2017-08-05,70,29.600357142857145,23.784047619047616,26.46898809523809,86.815,7.0,81.11053571428572,1.481607142857143,5.8163095238095295,16.46898809523809,1,0.5310119047619111,1,1,-0.5680647467311556,-0.8229838658936565,26.93059523809524,26.51595238095238,26.31255952380953,26.508511904761903,46.744166666666665,42.59,48.18625,60.708333333333336,78.16071428571429,78.99559523809525,78.99035714285715,79.565,56.0,67.0,78.0,68.0,-11.0,67.25
2017,32,2017-08-06,2017-08-12,81,28.90017857142857,23.552440476190476,25.92190476190476,49.421666666666674,7.0,82.28089285714286,1.3170833333333334,5.347738095238093,15.92190476190476,1,1.0780952380952407,1,1,-0.663122658240795,-0.7485107481711013,26.46898809523809,26.93059523809524,26.51595238095238,26.31255952380953,86.815,46.744166666666665,42.59,48.18625,81.11053571428572,78.16071428571429,78.99559523809525,78.99035714285715,70.0,56.0,67.0,78.0,14.0,67.75
2017,33,2017-08-13,2017-08-19,85,30.1175,23.361309523809524,26.640773809523807,29.29041666666667,7.0,76.49886904761904,1.6004761904761906,6.756190476190476,16.640773809523807,1,0.35922619047619264,1,1,-0.7485107481711011,-0.6631226582407952,25.92190476190476,26.46898809523809,26.93059523809524,26.51595238095238,49.421666666666674,86.815,46.744166666666665,42.59,82.28089285714286,81.11053571428572,78.16071428571429,78.99559523809525,81.0,70.0,56.0,67.0,11.0,68.5
2017,34,2017-08-20,2017-08-26,78,28.82261904761905,23.56809523809524,25.849285714285717,70.67916666666666,7.0,82.93285714285715,1.664404761904762,5.2545238095238105,15.849285714285717,1,1.1507142857142831,1,1,-0.8229838658936564,-0.5680647467311559,26.640773809523807,25.92190476190476,26.46898809523809,26.93059523809524,29.29041666666667,49.421666666666674,86.815,46.744166666666665,76.49886904761904,82.28089285714286,81.11053571428572,78.16071428571429,85.0,81.0,70.0,56.0,4.0,73.0
2017,35,2017-08-27,2017-09-02,113,28.88529761904762,23.545357142857146,26.010059523809527,61.26541666666666,7.0,81.65803571428572,1.2143452380952382,5.339940476190474,16.010059523809527,1,0.9899404761904727,1,1,-0.8854560256532096,-0.4647231720437691,25.849285714285717,26.640773809523807,25.92190476190476,26.46898809523809,70.67916666666666,29.29041666666667,49.421666666666674,86.815,82.93285714285715,76.49886904761904,82.28089285714286,81.11053571428572,78.0,85.0,81.0,70.0,-7.0,78.5
2017,36,2017-09-03,2017-09-09,82,29.19988095238095,23.745952380952374,26.120833333333334,51.53874999999999,7.0,82.78666666666666,1.343095238095238,5.453928571428577,16.120833333333334,1,0.8791666666666664,1,1,-0.9350162426854147,-0.3546048870425359,26.010059523809527,25.849285714285717,26.640773809523807,25.92190476190476,61.26541666666666,70.67916666666666,29.29041666666667,49.421666666666674,81.65803571428572,82.93285714285715,76.49886904761904,82.28089285714286,113.0,78.0,85.0,81.0,35.0,89.25
2017,37,2017-09-10,2017-09-16,85,28.582678571428573,23.963630952380957,25.98583333333333,42.86666666666667,7.0,84.60172619047619,1.450416666666667,4.619047619047617,15.985833333333328,1,1.0141666666666715,1,1,-0.970941817426052,-0.23931566428755774,26.120833333333334,26.010059523809527,25.849285714285717,26.640773809523807,51.53874999999999,61.26541666666666,70.67916666666666,29.29041666666667,82.78666666666666,81.65803571428572,82.93285714285715,76.49886904761904,82.0,113.0,78.0,85.0,-31.0,89.5
2017,38,2017-09-17,2017-09-23,128,27.905535714285715,23.732916666666668,25.432738095238093,140.9725,7.0,87.70136904761904,1.9080357142857145,4.1726190476190474,15.432738095238093,1,1.5672619047619065,1,1,-0.992708874098054,-0.12053668025532357,25.98583333333333,26.120833333333334,26.010059523809527,25.849285714285717,42.86666666666667,51.53874999999999,61.26541666666666,70.67916666666666,84.60172619047619,82.78666666666666,81.65803571428572,82.93285714285715,85.0,82.0,113.0,78.0,3.0,89.5
2017,39,2017-09-24,2017-09-30,87,26.724464285714287,23.176309523809525,24.73267857142857,65.83291666666666,7.0,88.2,1.7051785714285714,3.5481547619047618,14.732678571428568,1,2.2673214285714316,1,1,-1.0,-1.8369701987210297e-16,25.432738095238093,25.98583333333333,26.120833333333334,26.010059523809527,140.9725,42.86666666666667,51.53874999999999,61.26541666666666,87.70136904761904,84.60172619047619,82.78666666666666,81.65803571428572,128.0,85.0,82.0,113.0,43.0,102.0
2017,40,2017-10-01,2017-10-07,91,27.22238095238095,22.96672619047619,24.78029761904762,112.94875,7.0,88.77511904761906,2.3310119047619047,4.255654761904758,14.78029761904762,1,2.2197023809523806,1,1,-0.992708874098054,0.1205366802553232,24.73267857142857,25.432738095238093,25.98583333333333,26.120833333333334,65.83291666666666,140.9725,42.86666666666667,51.53874999999999,88.2,87.70136904761904,84.60172619047619,82.78666666666666,87.0,128.0,85.0,82.0,-41.0,95.5
2017,41,2017-10-08,2017-10-14,125,28.13684523809524,22.977857142857143,25.273988095238096,23.835833333333337,7.0,83.3842261904762,1.4657738095238095,5.158988095238097,15.273988095238096,1,1.7260119047619042,1,1,-0.9709418174260521,0.23931566428755738,24.78029761904762,24.73267857142857,25.432738095238093,25.98583333333333,112.94875,65.83291666666666,140.9725,42.86666666666667,88.77511904761906,88.2,87.70136904761904,84.60172619047619,91.0,87.0,128.0,85.0,4.0,97.75
2017,42,2017-10-15,2017-10-21,131,30.34208333333333,23.531190476190478,26.63797619047619,18.637083333333333,6.458333333333333,80.7507738095238,1.9964285714285712,6.8108928571428535,16.63797619047619,1,0.36202380952380864,1,1,-0.9350162426854148,0.35460488704253557,25.273988095238096,24.78029761904762,24.73267857142857,25.432738095238093,23.835833333333337,112.94875,65.83291666666666,140.9725,83.3842261904762,88.77511904761906,88.2,87.70136904761904,125.0,91.0,87.0,128.0,34.0,107.75
2017,43,2017-10-22,2017-10-28,112,27.678452380952383,22.613273809523808,24.733988095238093,48.73666666666667,7.0,83.92005952380953,2.4814880952380958,5.065178571428575,14.733988095238093,1,2.266011904761907,1,1,-0.8854560256532101,0.464723172043768,26.63797619047619,25.273988095238096,24.78029761904762,24.73267857142857,18.637083333333333,23.835833333333337,112.94875,65.83291666666666,80.7507738095238,83.3842261904762,88.77511904761906,88.2,131.0,125.0,91.0,87.0,6.0,108.5
2017,44,2017-10-29,2017-11-04,103,28.97458333333333,22.207916666666662,25.280476190476197,6.094166666666666,5.458333333333333,79.1422619047619,1.8120833333333333,6.766666666666669,15.280476190476197,1,1.7195238095238032,0,0,-0.822983865893657,0.5680647467311548,24.733988095238093,26.63797619047619,25.273988095238096,24.78029761904762,48.73666666666667,18.637083333333333,23.835833333333337,112.94875,83.92005952380953,80.7507738095238,83.3842261904762,88.77511904761906,112.0,131.0,125.0,91.0,-19.0,114.75
2017,45,2017-11-05,2017-11-11,96,29.27625,21.257738095238096,24.859940476190477,4.72125,5.0,77.19458333333334,2.634761904761905,8.018511904761905,14.859940476190477,1,2.140059523809523,0,0,-0.7485107481711011,0.6631226582407952,25.280476190476197,24.733988095238093,26.63797619047619,25.273988095238096,6.094166666666666,48.73666666666667,18.637083333333333,23.835833333333337,79.1422619047619,83.92005952380953,80.7507738095238,83.3842261904762,103.0,112.0,131.0,125.0,-9.0,117.75
2017,46,2017-11-12,2017-11-18,81,29.278333333333336,21.27125,24.88583333333333,3.513333333333333,5.375,76.5735119047619,2.3406547619047617,8.007083333333338,14.88583333333333,1,2.1141666666666694,0,0,-0.6631226582407955,0.7485107481711007,24.859940476190477,25.280476190476197,24.733988095238093,26.63797619047619,4.72125,6.094166666666666,48.73666666666667,18.637083333333333,77.19458333333334,79.1422619047619,83.92005952380953,80.7507738095238,96.0,103.0,112.0,131.0,-7.0,110.5
2017,47,2017-11-19,2017-11-25,74,28.904107142857143,20.09095238095238,24.15571428571429,0.6625,2.958333333333333,72.86791666666666,2.4857142857142858,8.813154761904762,14.15571428571429,1,2.8442857142857108,0,0,-0.5680647467311559,0.8229838658936564,24.88583333333333,24.859940476190477,25.280476190476197,24.733988095238093,3.513333333333333,4.72125,6.094166666666666,48.73666666666667,76.5735119047619,77.19458333333334,79.1422619047619,83.92005952380953,81.0,96.0,103.0,112.0,-15.0,98.0
2017,48,2017-11-26,2017-12-02,59,29.533511904761905,20.72047619047619,24.60202380952381,0.8416666666666667,2.25,72.84946428571429,3.633095238095238,8.813035714285714,14.60202380952381,1,2.3979761904761894,0,0,-0.4647231720437684,0.88545602565321,24.15571428571429,24.88583333333333,24.859940476190477,25.280476190476197,0.6625,3.513333333333333,4.72125,6.094166666666666,72.86791666666666,76.5735119047619,77.19458333333334,79.1422619047619,74.0,81.0,96.0,103.0,-7.0,88.5
2017,49,2017-12-03,2017-12-09,69,29.547678571428573,21.26023809523809,25.061488095238094,10.565416666666666,4.583333333333333,74.35732142857144,2.933392857142857,8.287440476190483,15.061488095238094,1,1.9385119047619064,1,0,-0.35460488704253595,0.9350162426854147,24.60202380952381,24.15571428571429,24.88583333333333,24.859940476190477,0.8416666666666667,0.6625,3.513333333333333,4.72125,72.84946428571429,72.86791666666666,76.5735119047619,77.19458333333334,59.0,74.0,81.0,96.0,-15.0,77.5
2017,50,2017-12-10,2017-12-16,52,27.404464285714283,18.49779761904762,22.330238095238094,0.2825,0.7083333333333334,69.40654761904761,4.489345238095238,8.906666666666663,12.330238095238094,1,4.669761904761906,0,0,-0.2393156642875578,0.970941817426052,25.061488095238094,24.60202380952381,24.15571428571429,24.88583333333333,10.565416666666666,0.8416666666666667,0.6625,3.513333333333333,74.35732142857144,72.84946428571429,72.86791666666666,76.5735119047619,69.0,59.0,74.0,81.0,10.0,70.75
2017,51,2017-12-17,2017-12-23,52,30.720119047619047,21.10446428571429,25.47642857142857,0.13,0.25,71.07875,2.7323809523809524,9.615654761904757,15.47642857142857,1,1.5235714285714295,0,0,-0.12053668025532363,0.992708874098054,22.330238095238094,25.061488095238094,24.60202380952381,24.15571428571429,0.2825,10.565416666666666,0.8416666666666667,0.6625,69.40654761904761,74.35732142857144,72.84946428571429,72.86791666666666,52.0,69.0,59.0,74.0,-17.0,63.5
2017,52,2017-12-24,2017-12-30,48,30.42333333333333,20.99208333333333,25.09077380952381,0.6441666666666667,1.625,68.78184523809524,3.662202380952381,9.431249999999999,15.09077380952381,1,1.9092261904761898,0,0,6.432490598706546e-16,1.0,25.47642857142857,22.330238095238094,25.061488095238094,24.60202380952381,0.13,0.2825,10.565416666666666,0.8416666666666667,71.07875,69.40654761904761,74.35732142857144,72.84946428571429,52.0,52.0,69.0,59.0,0.0,58.0
2018,1,2017-12-31,2018-01-06,105,29.53708333333333,20.45375,24.21785714285714,1.4545833333333336,3.0,66.05339285714287,4.358511904761905,9.083333333333332,14.217857142857142,1,2.7821428571428584,0,0,0.12053668025532305,0.992708874098054,25.09077380952381,25.47642857142857,22.330238095238094,25.061488095238094,0.6441666666666667,0.13,0.2825,10.565416666666666,68.78184523809524,71.07875,69.40654761904761,74.35732142857144,48.0,52.0,52.0,69.0,-4.0,55.25
2018,2,2018-01-07,2018-01-13,0,30.16297619047619,19.423571428571428,24.11077380952381,0.3483333333333333,0.8333333333333334,64.61791666666666,3.512976190476191,10.739404761904762,14.11077380952381,1,2.8892261904761902,0,0,0.23931566428755774,0.970941817426052,24.21785714285714,25.09077380952381,25.47642857142857,22.330238095238094,1.4545833333333336,0.6441666666666667,0.13,0.2825,66.05339285714287,68.78184523809524,71.07875,69.40654761904761,105.0,48.0,52.0,52.0,57.0,64.25
2018,3,2018-01-14,2018-01-20,58,27.613988095238096,19.250416666666663,22.64327380952381,0.6875,2.2916666666666665,62.8297619047619,6.206130952380953,8.363571428571433,12.643273809523809,1,4.356726190476191,0,0,0.3546048870425356,0.9350162426854148,24.11077380952381,24.21785714285714,25.09077380952381,25.47642857142857,0.3483333333333333,1.4545833333333336,0.6441666666666667,0.13,64.61791666666666,66.05339285714287,68.78184523809524,71.07875,0.0,105.0,48.0,52.0,-105.0,51.25
2018,4,2018-01-21,2018-01-27,70,32.09553571428572,21.857202380952383,26.3775,1.5995833333333334,3.125,62.80220238095239,2.952202380952381,10.238333333333333,16.3775,1,0.6224999999999987,0,0,0.4647231720437685,0.8854560256532099,22.64327380952381,24.11077380952381,24.21785714285714,25.09077380952381,0.6875,0.3483333333333333,1.4545833333333336,0.6441666666666667,62.8297619047619,64.61791666666666,66.05339285714287,68.78184523809524,58.0,0.0,105.0,48.0,58.0,52.75
2018,5,2018-01-28,2018-02-03,78,32.462202380952384,21.78202380952381,26.432440476190475,3.08375,4.708333333333333,62.12029761904762,3.864940476190476,10.680178571428574,16.432440476190475,1,0.5675595238095248,0,0,0.5680647467311558,0.8229838658936564,26.3775,22.64327380952381,24.11077380952381,24.21785714285714,1.5995833333333334,0.6875,0.3483333333333333,1.4545833333333336,62.80220238095239,62.8297619047619,64.61791666666666,66.05339285714287,70.0,58.0,0.0,105.0,12.0,58.25
2018,6,2018-02-04,2018-02-10,81,32.611607142857146,21.818571428571428,26.73119047619048,0.4454166666666666,1.4583333333333333,59.42630952380952,2.536964285714286,10.793035714285718,16.73119047619048,1,0.2688095238095194,0,0,0.6631226582407952,0.7485107481711011,26.432440476190475,26.3775,22.64327380952381,24.11077380952381,3.08375,1.5995833333333334,0.6875,0.3483333333333333,62.12029761904762,62.80220238095239,62.8297619047619,64.61791666666666,78.0,70.0,58.0,0.0,8.0,51.5
2018,7,2018-02-11,2018-02-17,85,32.76696428571429,20.92869047619048,26.50934523809524,0.3183333333333333,1.4166666666666667,56.29845238095238,3.3045238095238094,11.838273809523809,16.50934523809524,1,0.49065476190476076,0,0,0.7485107481711011,0.6631226582407953,26.73119047619048,26.432440476190475,26.3775,22.64327380952381,0.4454166666666666,3.08375,1.5995833333333334,0.6875,59.42630952380952,62.12029761904762,62.80220238095239,62.8297619047619,81.0,78.0,70.0,58.0,3.0,71.75
2018,8,2018-02-18,2018-02-24,87,33.20184523809524,22.00607142857143,27.10083333333333,0.9154166666666668,2.0,54.32440476190476,2.441309523809524,11.195773809523807,17.10083333333333,1,0.10083333333333044,0,0,0.8229838658936564,0.5680647467311559,26.50934523809524,26.73119047619048,26.432440476190475,26.3775,0.3183333333333333,0.4454166666666666,3.08375,1.5995833333333334,56.29845238095238,59.42630952380952,62.12029761904762,62.80220238095239,85.0,81.0,78.0,70.0,4.0,78.5
2018,9,2018-02-25,2018-03-03,96,32.79416666666666,21.92053571428572,26.77125,1.9533333333333331,2.208333333333333,54.92678571428571,2.1225,10.873630952380942,16.77125,1,0.22875000000000156,0,0,0.8854560256532099,0.4647231720437686,27.10083333333333,26.50934523809524,26.73119047619048,26.432440476190475,0.9154166666666668,0.3183333333333333,0.4454166666666666,3.08375,54.32440476190476,56.29845238095238,59.42630952380952,62.12029761904762,87.0,85.0,81.0,78.0,2.0,82.75
2018,10,2018-03-04,2018-03-10,49,34.02065476190476,20.90654761904762,26.89208333333333,0.0,0.0,51.95154761904762,2.7234523809523807,13.11410714285714,16.89208333333333,1,0.10791666666667155,0,0,0.9350162426854148,0.35460488704253557,26.77125,27.10083333333333,26.50934523809524,26.73119047619048,1.9533333333333331,0.9154166666666668,0.3183333333333333,0.4454166666666666,54.92678571428571,54.32440476190476,56.29845238095238,59.42630952380952,96.0,87.0,85.0,81.0,9.0,87.25
2018,11,2018-03-11,2018-03-17,78,34.839523809523804,23.608452380952382,28.55505952380952,1.8545833333333333,2.5,58.32089285714286,2.4985714285714287,11.231071428571422,18.55505952380952,1,1.5550595238095184,0,0,0.970941817426052,0.23931566428755804,26.89208333333333,26.77125,27.10083333333333,26.50934523809524,0.0,1.9533333333333331,0.9154166666666668,0.3183333333333333,51.95154761904762,54.92678571428571,54.32440476190476,56.29845238095238,49.0,96.0,87.0,85.0,-47.0,79.25
2018,12,2018-03-18,2018-03-24,68,34.26083333333333,23.644940476190477,28.22410714285714,0.0691666666666666,0.0,57.80315476190476,2.693511904761905,10.615892857142853,18.22410714285714,1,1.2241071428571395,0,0,0.992708874098054,0.120536680255323,28.55505952380952,26.89208333333333,26.77125,27.10083333333333,1.8545833333333333,0.0,1.9533333333333331,0.9154166666666668,58.32089285714286,51.95154761904762,54.92678571428571,54.32440476190476,78.0,49.0,96.0,87.0,29.0,77.5
2018,13,2018-03-25,2018-03-31,68,34.76297619047619,24.158392857142857,28.869285714285716,1.1341666666666663,1.8333333333333333,53.47244047619048,2.406309523809524,10.60458333333333,18.869285714285716,1,1.8692857142857164,0,0,1.0,-1.6081226496766364e-16,28.22410714285714,28.55505952380952,26.89208333333333,26.77125,0.0691666666666666,1.8545833333333333,0.0,1.9533333333333331,57.80315476190476,58.32089285714286,51.95154761904762,54.92678571428571,68.0,78.0,49.0,96.0,-10.0,72.75
2018,14,2018-04-01,2018-04-07,81,31.675238095238097,23.504761904761903,26.877142857142857,18.655833333333334,6.708333333333333,64.30392857142857,2.187202380952381,8.170476190476194,16.877142857142857,1,0.12285714285714278,1,0,0.992708874098054,-0.12053668025532288,28.869285714285716,28.22410714285714,28.55505952380952,26.89208333333333,1.1341666666666663,0.0691666666666666,1.8545833333333333,0.0,53.47244047619048,57.80315476190476,58.32089285714286,51.95154761904762,68.0,68.0,78.0,49.0,0.0,65.75
2018,15,2018-04-08,2018-04-14,81,31.50261904761905,23.530892857142856,26.800833333333333,26.72458333333333,6.125,69.8385119047619,1.9761309523809525,7.971726190476193,16.800833333333333,1,0.19916666666666671,1,0,0.9709418174260521,-0.2393156642875575,26.877142857142857,28.869285714285716,28.22410714285714,28.55505952380952,18.655833333333334,1.1341666666666663,0.0691666666666666,1.8545833333333333,64.30392857142857,53.47244047619048,57.80315476190476,58.32089285714286,81.0,68.0,68.0,78.0,13.0,73.75
2018,16,2018-04-15,2018-04-21,92,34.33464285714286,23.815059523809524,28.63589285714286,3.931666666666666,4.666666666666667,57.83494047619048,2.896488095238095,10.519583333333337,18.63589285714286,1,1.63589285714286,0,0,0.9350162426854148,-0.35460488704253545,26.800833333333333,26.877142857142857,28.869285714285716,28.22410714285714,26.72458333333333,18.655833333333334,1.1341666666666663,0.0691666666666666,69.8385119047619,64.30392857142857,53.47244047619048,57.80315476190476,81.0,81.0,68.0,68.0,0.0,74.5
2018,17,2018-04-22,2018-04-28,75,32.42684523809524,24.85833333333333,28.02083333333333,48.02708333333334,7.0,69.02678571428571,1.7127380952380953,7.568511904761909,18.02083333333333,1,1.0208333333333286,1,0,0.8854560256532099,-0.4647231720437685,28.63589285714286,26.800833333333333,26.877142857142857,28.869285714285716,3.931666666666666,26.72458333333333,18.655833333333334,1.1341666666666663,57.83494047619048,69.8385119047619,64.30392857142857,53.47244047619048,92.0,81.0,81.0,68.0,11.0,80.5
2018,18,2018-04-29,2018-05-05,88,32.46821428571429,24.53035714285714,27.87505952380953,27.2775,7.0,69.23797619047619,1.949345238095238,7.937857142857148,17.87505952380953,1,0.8750595238095293,1,1,0.8229838658936565,-0.5680647467311557,28.02083333333333,28.63589285714286,26.800833333333333,26.877142857142857,48.02708333333334,3.931666666666666,26.72458333333333,18.655833333333334,69.02678571428571,57.83494047619048,69.8385119047619,64.30392857142857,75.0,92.0,81.0,81.0,-17.0,82.25
2018,19,2018-05-06,2018-05-12,109,31.671964285714285,24.045357142857146,27.390595238095237,40.645833333333336,6.875,68.13869047619048,1.7467261904761904,7.626607142857139,17.390595238095237,1,0.3905952380952371,1,1,0.7485107481711013,-0.663122658240795,27.87505952380953,28.02083333333333,28.63589285714286,26.800833333333333,27.2775,48.02708333333334,3.931666666666666,26.72458333333333,69.23797619047619,69.02678571428571,57.83494047619048,69.8385119047619,88.0,75.0,92.0,81.0,13.0,84.0
2018,20,2018-05-13,2018-05-19,100,30.16005952380952,23.8425,26.309226190476192,64.43208333333332,7.0,79.40559523809524,1.7089285714285714,6.317559523809518,16.309226190476192,1,0.6907738095238081,1,1,0.6631226582407952,-0.7485107481711012,27.390595238095237,27.87505952380953,28.02083333333333,28.63589285714286,40.645833333333336,27.2775,48.02708333333334,3.931666666666666,68.13869047619048,69.23797619047619,69.02678571428571,57.83494047619048,109.0,88.0,75.0,92.0,21.0,91.0
2018,21,2018-05-20,2018-05-26,126,29.571250000000003,23.702380952380956,26.074226190476192,66.60625,7.0,81.56083333333333,1.777797619047619,5.868869047619047,16.074226190476192,1,0.9257738095238075,1,1,0.5680647467311558,-0.8229838658936564,26.309226190476192,27.390595238095237,27.87505952380953,28.02083333333333,64.43208333333332,40.645833333333336,27.2775,48.02708333333334,79.40559523809524,68.13869047619048,69.23797619047619,69.02678571428571,100.0,109.0,88.0,75.0,-9.0,93.0
2018,22,2018-05-27,2018-06-02,128,29.016607142857143,23.90958333333333,26.113988095238096,43.795,7.0,82.4017261904762,1.7557142857142856,5.107023809523813,16.113988095238096,1,0.8860119047619044,1,1,0.46472317204376906,-0.8854560256532096,26.074226190476192,26.309226190476192,27.390595238095237,27.87505952380953,66.60625,64.43208333333332,40.645833333333336,27.2775,81.56083333333333,79.40559523809524,68.13869047619048,69.23797619047619,126.0,100.0,109.0,88.0,26.0,105.75
2018,23,2018-06-03,2018-06-09,149,29.21869047619048,23.80369047619048,26.23875,72.74916666666667,7.0,78.53607142857142,1.6132142857142855,5.415000000000003,16.23875,1,0.7612500000000004,1,1,0.35460488704253584,-0.9350162426854147,26.113988095238096,26.074226190476192,26.309226190476192,27.390595238095237,43.795,66.60625,64.43208333333332,40.645833333333336,82.4017261904762,81.56083333333333,79.40559523809524,68.13869047619048,128.0,126.0,100.0,109.0,2.0,115.75
2018,24,2018-06-10,2018-06-16,158,28.10291666666667,23.534285714285712,25.526011904761905,31.24708333333333,7.0,82.68279761904762,1.3302380952380952,4.568630952380957,15.526011904761905,1,1.473988095238095,1,1,0.23931566428755768,-0.970941817426052,26.23875,26.113988095238096,26.074226190476192,26.309226190476192,72.74916666666667,43.795,66.60625,64.43208333333332,78.53607142857142,82.4017261904762,81.56083333333333,79.40559523809524,149.0,128.0,126.0,100.0,21.0,125.75
2018,25,2018-06-17,2018-06-23,161,28.57345238095238,23.552380952380958,25.798869047619046,20.72083333333333,7.0,82.43416666666667,1.3654166666666667,5.021071428571421,15.798869047619046,1,1.2011309523809537,1,1,0.12053668025532308,-0.992708874098054,25.526011904761905,26.23875,26.113988095238096,26.074226190476192,31.24708333333333,72.74916666666667,43.795,66.60625,82.68279761904762,78.53607142857142,82.4017261904762,81.56083333333333,158.0,149.0,128.0,126.0,9.0,140.25
2018,26,2018-06-24,2018-06-30,152,30.437619047619048,23.19934523809524,26.580714285714283,18.3225,6.708333333333333,74.41922619047618,1.8957142857142857,7.2382738095238075,16.580714285714283,1,0.41928571428571715,1,1,-3.216245299353273e-16,-1.0,25.798869047619046,25.526011904761905,26.23875,26.113988095238096,20.72083333333333,31.24708333333333,72.74916666666667,43.795,82.43416666666667,82.68279761904762,78.53607142857142,82.4017261904762,161.0,158.0,149.0,128.0,3.0,149.0
2018,27,2018-07-01,2018-07-07,157,30.960357142857145,23.391011904761907,26.85690476190476,13.944583333333334,5.291666666666667,71.83279761904761,2.000654761904762,7.569345238095238,16.85690476190476,1,0.1430952380952384,1,1,-0.12053668025532283,-0.992708874098054,26.580714285714283,25.798869047619046,25.526011904761905,26.23875,18.3225,20.72083333333333,31.24708333333333,72.74916666666667,74.41922619047618,82.43416666666667,82.68279761904762,78.53607142857142,152.0,161.0,158.0,149.0,-9.0,155.0
2018,28,2018-07-08,2018-07-14,163,32.24494047619047,23.240357142857142,27.44827380952381,15.610833333333334,5.708333333333333,69.66148809523808,2.5485714285714285,9.00458333333333,17.44827380952381,1,0.44827380952380835,1,1,-0.23931566428755743,-0.9709418174260521,26.85690476190476,26.580714285714283,25.798869047619046,25.526011904761905,13.944583333333334,18.3225,20.72083333333333,31.24708333333333,71.83279761904761,74.41922619047618,82.43416666666667,82.68279761904762,157.0,152.0,161.0,158.0,5.0,157.0
2018,29,2018-07-15,2018-07-21,222,32.41791666666666,23.67517857142857,27.702976190476196,6.201249999999999,5.0,68.75375,2.4548214285714285,8.742738095238092,17.702976190476196,1,0.7029761904761962,0,1,-0.3546048870425356,-0.9350162426854148,27.44827380952381,26.85690476190476,26.580714285714283,25.798869047619046,15.610833333333334,13.944583333333334,18.3225,20.72083333333333,69.66148809523808,71.83279761904761,74.41922619047618,82.43416666666667,163.0,157.0,152.0,161.0,6.0,158.25
2018,30,2018-07-22,2018-07-28,255,32.383095238095244,24.16327380952381,27.74636904761905,22.679166666666664,6.5,71.21077380952381,1.5913095238095238,8.219821428571432,17.74636904761905,1,0.7463690476190514,1,1,-0.46472317204376806,-0.8854560256532101,27.702976190476196,27.44827380952381,26.85690476190476,26.580714285714283,6.201249999999999,15.610833333333334,13.944583333333334,18.3225,68.75375,69.66148809523808,71.83279761904761,74.41922619047618,222.0,163.0,157.0,152.0,59.0,173.5
2018,31,2018-07-29,2018-08-04,200,30.37178571428572,23.95898809523809,26.58910714285714,63.279583333333335,7.0,78.38178571428571,1.8230357142857143,6.41279761904763,16.58910714285714,1,0.4108928571428585,1,1,-0.5680647467311556,-0.8229838658936565,27.74636904761905,27.702976190476196,27.44827380952381,26.85690476190476,22.679166666666664,6.201249999999999,15.610833333333334,13.944583333333334,71.21077380952381,68.75375,69.66148809523808,71.83279761904761,255.0,222.0,163.0,157.0,33.0,199.25
2018,32,2018-08-05,2018-08-11,270,32.35827380952381,23.666130952380957,27.68089285714285,24.903333333333336,6.416666666666667,69.41630952380952,1.9697023809523808,8.692142857142851,17.68089285714285,1,0.680892857142851,1,1,-0.663122658240795,-0.7485107481711013,26.58910714285714,27.74636904761905,27.702976190476196,27.44827380952381,63.279583333333335,22.679166666666664,6.201249999999999,15.610833333333334,78.38178571428571,71.21077380952381,68.75375,69.66148809523808,200.0,255.0,222.0,163.0,-55.0,210.0
2018,33,2018-08-12,2018-08-18,243,31.83398809523809,23.660297619047626,27.248452380952383,54.53833333333333,7.0,72.1972619047619,1.4517261904761904,8.173690476190465,17.248452380952383,1,0.24845238095238287,1,1,-0.7485107481711011,-0.6631226582407952,27.68089285714285,26.58910714285714,27.74636904761905,27.702976190476196,24.903333333333336,63.279583333333335,22.679166666666664,6.201249999999999,69.41630952380952,78.38178571428571,71.21077380952381,68.75375,270.0,200.0,255.0,222.0,70.0,236.75
2018,34,2018-08-19,2018-08-25,297,31.71904761904762,24.07273809523809,27.40744047619048,75.96249999999999,7.0,72.93345238095237,1.762559523809524,7.646309523809528,17.40744047619048,1,0.4074404761904802,1,1,-0.8229838658936564,-0.5680647467311559,27.248452380952383,27.68089285714285,26.58910714285714,27.74636904761905,54.53833333333333,24.903333333333336,63.279583333333335,22.679166666666664,72.1972619047619,69.41630952380952,78.38178571428571,71.21077380952381,243.0,270.0,200.0,255.0,-27.0,242.0
2018,35,2018-08-26,2018-09-01,303,30.987142857142857,23.386011904761904,26.749345238095238,50.23125,7.0,73.815,1.5217261904761905,7.601130952380952,16.749345238095238,1,0.2506547619047623,1,1,-0.8854560256532096,-0.4647231720437691,27.40744047619048,27.248452380952383,27.68089285714285,26.58910714285714,75.96249999999999,54.53833333333333,24.903333333333336,63.279583333333335,72.93345238095237,72.1972619047619,69.41630952380952,78.38178571428571,297.0,243.0,270.0,200.0,54.0,252.5
2018,36,2018-09-02,2018-09-08,329,29.75172619047619,23.70779761904762,26.29339285714285,79.60875,7.0,80.08785714285715,1.4384523809523808,6.0439285714285695,16.29339285714285,1,0.7066071428571483,1,1,-0.9350162426854147,-0.3546048870425359,26.749345238095238,27.40744047619048,27.248452380952383,27.68089285714285,50.23125,75.96249999999999,54.53833333333333,24.903333333333336,73.815,72.93345238095237,72.1972619047619,69.41630952380952,303.0,297.0,243.0,270.0,6.0,278.25
2018,37,2018-09-09,2018-09-15,390,28.693214285714287,23.33392857142857,25.612916666666667,29.347916666666663,7.0,82.66089285714285,1.5124404761904762,5.359285714285718,15.612916666666667,1,1.387083333333333,1,1,-0.970941817426052,-0.23931566428755774,26.29339285714285,26.749345238095238,27.40744047619048,27.248452380952383,79.60875,50.23125,75.96249999999999,54.53833333333333,80.08785714285715,73.815,72.93345238095237,72.1972619047619,329.0,303.0,297.0,243.0,26.0,293.0
2018,38,2018-09-16,2018-09-22,319,29.975952380952386,23.58,26.30666666666667,45.92250000000001,7.0,80.44630952380952,1.5569047619047618,6.395952380952387,16.30666666666667,1,0.6933333333333316,1,1,-0.992708874098054,-0.12053668025532357,25.612916666666667,26.29339285714285,26.749345238095238,27.40744047619048,29.347916666666663,79.60875,50.23125,75.96249999999999,82.66089285714285,80.08785714285715,73.815,72.93345238095237,390.0,329.0,303.0,297.0,61.0,329.75
2018,39,2018-09-23,2018-09-29,333,30.1860119047619,23.116964285714285,26.265238095238093,65.29041666666667,6.833333333333333,76.83613095238094,1.5951190476190478,7.069047619047616,16.265238095238093,1,0.734761904761907,1,1,-1.0,-1.8369701987210297e-16,26.30666666666667,25.612916666666667,26.29339285714285,26.749345238095238,45.92250000000001,29.347916666666663,79.60875,50.23125,80.44630952380952,82.66089285714285,80.08785714285715,73.815,319.0,390.0,329.0,303.0,-71.0,335.25
2018,40,2018-09-30,2018-10-06,302,28.646607142857142,22.92309523809524,25.41636904761905,141.11833333333334,7.0,83.34625,2.209702380952381,5.723511904761903,15.41636904761905,1,1.5836309523809504,1,1,-0.992708874098054,0.1205366802553232,26.265238095238093,26.30666666666667,25.612916666666667,26.29339285714285,65.29041666666667,45.92250000000001,29.347916666666663,79.60875,76.83613095238094,80.44630952380952,82.66089285714285,80.08785714285715,333.0,319.0,390.0,329.0,14.0,342.75
2018,41,2018-10-07,2018-10-13,232,26.45892857142857,23.157083333333333,24.547083333333333,66.27916666666667,7.0,90.15761904761904,2.7060119047619047,3.301845238095236,14.547083333333333,1,2.452916666666667,1,1,-0.9709418174260521,0.23931566428755738,25.41636904761905,26.265238095238093,26.30666666666667,25.612916666666667,141.11833333333334,65.29041666666667,45.92250000000001,29.347916666666663,83.34625,76.83613095238094,80.44630952380952,82.66089285714285,302.0,333.0,319.0,390.0,-31.0,336.0
2018,42,2018-10-14,2018-10-20,197,26.896309523809524,22.699166666666667,24.530535714285715,50.99208333333333,7.0,86.69535714285713,2.070654761904762,4.1971428571428575,14.530535714285715,1,2.4694642857142846,1,1,-0.9350162426854148,0.35460488704253557,24.547083333333333,25.41636904761905,26.265238095238093,26.30666666666667,66.27916666666667,141.11833333333334,65.29041666666667,45.92250000000001,90.15761904761904,83.34625,76.83613095238094,80.44630952380952,232.0,302.0,333.0,319.0,-70.0,296.5
2018,43,2018-10-21,2018-10-27,265,29.423511904761902,22.58827380952381,25.74470238095238,14.004166666666668,5.958333333333333,79.09291666666667,1.5135119047619048,6.835238095238093,15.74470238095238,1,1.2552976190476208,1,1,-0.8854560256532101,0.464723172043768,24.530535714285715,24.547083333333333,25.41636904761905,26.265238095238093,50.99208333333333,66.27916666666667,141.11833333333334,65.29041666666667,86.69535714285713,90.15761904761904,83.34625,76.83613095238094,197.0,232.0,302.0,333.0,-35.0,266.0
2018,44,2018-10-28,2018-11-03,252,28.99017857142857,22.66017857142857,25.48059523809524,18.3925,6.0,79.97755952380952,1.7688690476190478,6.329999999999998,15.48059523809524,1,1.5194047619047595,1,0,-0.822983865893657,0.5680647467311548,25.74470238095238,24.530535714285715,24.547083333333333,25.41636904761905,14.004166666666668,50.99208333333333,66.27916666666667,141.11833333333334,79.09291666666667,86.69535714285713,90.15761904761904,83.34625,265.0,197.0,232.0,302.0,68.0,249.0
2018,45,2018-11-04,2018-11-10,256,29.16297619047619,22.98702380952381,25.74035714285714,30.3325,6.583333333333333,79.51398809523809,1.4825595238095235,6.175952380952381,15.740357142857139,1,1.259642857142861,1,0,-0.7485107481711011,0.6631226582407952,25.48059523809524,25.74470238095238,24.530535714285715,24.547083333333333,18.3925,14.004166666666668,50.99208333333333,66.27916666666667,79.97755952380952,79.09291666666667,86.69535714285713,90.15761904761904,252.0,265.0,197.0,232.0,-13.0,236.5
2018,46,2018-11-11,2018-11-17,240,29.77755952380953,21.114047619047614,24.953214285714285,0.3741666666666667,0.8333333333333334,72.00285714285714,3.985238095238095,8.663511904761915,14.953214285714285,1,2.046785714285715,0,0,-0.6631226582407955,0.7485107481711007,25.74035714285714,25.48059523809524,25.74470238095238,24.530535714285715,30.3325,18.3925,14.004166666666668,50.99208333333333,79.51398809523809,79.97755952380952,79.09291666666667,86.69535714285713,256.0,252.0,265.0,197.0,4.0,242.5
2018,47,2018-11-18,2018-11-24,192,31.123690476190475,22.43267857142857,26.31934523809524,0.1491666666666666,0.0,73.45267857142858,2.210714285714286,8.691011904761904,16.31934523809524,1,0.6806547619047585,0,0,-0.5680647467311559,0.8229838658936564,24.953214285714285,25.74035714285714,25.48059523809524,25.74470238095238,0.3741666666666667,30.3325,18.3925,14.004166666666668,72.00285714285714,79.51398809523809,79.97755952380952,79.09291666666667,240.0,256.0,252.0,265.0,-16.0,253.25
2018,48,2018-11-25,2018-12-01,144,29.763630952380957,22.302380952380958,25.53482142857143,2.42,3.0416666666666665,75.10613095238095,1.6083333333333334,7.46125,15.53482142857143,1,1.46517857142857,0,0,-0.4647231720437684,0.88545602565321,26.31934523809524,24.953214285714285,25.74035714285714,25.48059523809524,0.1491666666666666,0.3741666666666667,30.3325,18.3925,73.45267857142858,72.00285714285714,79.51398809523809,79.97755952380952,192.0,240.0,256.0,252.0,-48.0,235.0
2018,49,2018-12-02,2018-12-08,164,30.88523809523809,21.49970238095238,25.557380952380957,2.202916666666667,3.208333333333333,71.19571428571429,2.1942857142857144,9.385535714285709,15.557380952380957,1,1.4426190476190435,0,0,-0.35460488704253595,0.9350162426854147,25.53482142857143,26.31934523809524,24.953214285714285,25.74035714285714,2.42,0.1491666666666666,0.3741666666666667,30.3325,75.10613095238095,73.45267857142858,72.00285714285714,79.51398809523809,144.0,192.0,240.0,256.0,-48.0,208.0
2018,50,2018-12-09,2018-12-15,109,30.38797619047619,20.97791666666667,24.95577380952381,2.181666666666666,4.416666666666667,69.06922619047619,3.118095238095238,9.410059523809522,14.955773809523809,1,2.0442261904761914,0,0,-0.2393156642875578,0.970941817426052,25.557380952380957,25.53482142857143,26.31934523809524,24.953214285714285,2.202916666666667,2.42,0.1491666666666666,0.3741666666666667,71.19571428571429,75.10613095238095,73.45267857142858,72.00285714285714,164.0,144.0,192.0,240.0,20.0,185.0
2018,51,2018-12-16,2018-12-22,85,29.422440476190477,19.774464285714284,23.78964285714285,0.55375,1.7083333333333333,65.6420238095238,3.806190476190476,9.647976190476193,13.789642857142852,1,3.2103571428571485,0,0,-0.12053668025532363,0.992708874098054,24.95577380952381,25.557380952380957,25.53482142857143,26.31934523809524,2.181666666666666,2.202916666666667,2.42,0.1491666666666666,69.06922619047619,71.19571428571429,75.10613095238095,73.45267857142858,109.0,164.0,144.0,192.0,-55.0,152.25
2018,52,2018-12-23,2018-12-29,106,31.485892857142854,21.268988095238093,25.747857142857143,0.3341666666666666,1.0833333333333333,65.89136904761905,2.461904761904762,10.216904761904761,15.747857142857143,1,1.2521428571428572,0,0,6.432490598706546e-16,1.0,23.78964285714285,24.95577380952381,25.557380952380957,25.53482142857143,0.55375,2.181666666666666,2.202916666666667,2.42,65.6420238095238,69.06922619047619,71.19571428571429,75.10613095238095,85.0,109.0,164.0,144.0,-24.0,125.5
2019,1,2018-12-30,2019-01-05,96,32.626309523809525,21.60648809523809,26.35053571428572,0.01875,0.0,60.63505952380952,2.140654761904762,11.019821428571433,16.35053571428572,1,0.6494642857142807,0,0,0.12053668025532305,0.992708874098054,25.747857142857143,23.78964285714285,24.95577380952381,25.557380952380957,0.3341666666666666,0.55375,2.181666666666666,2.202916666666667,65.89136904761905,65.6420238095238,69.06922619047619,71.19571428571429,106.0,85.0,109.0,164.0,21.0,116.0
2019,2,2019-01-06,2019-01-12,131,31.67684523809524,21.13547619047619,25.743809523809528,3.002083333333333,5.166666666666667,63.15815476190477,2.4707142857142856,10.54136904761905,15.743809523809528,1,1.256190476190472,0,0,0.23931566428755774,0.970941817426052,26.35053571428572,25.747857142857143,23.78964285714285,24.95577380952381,0.01875,0.3341666666666666,0.55375,2.181666666666666,60.63505952380952,65.89136904761905,65.6420238095238,69.06922619047619,96.0,106.0,85.0,109.0,-10.0,99.0
2019,3,2019-01-13,2019-01-19,138,32.24089285714286,21.304285714285715,25.992857142857144,2.0812500000000003,3.625,61.57041666666667,3.115595238095238,10.936607142857145,15.992857142857144,1,1.0071428571428562,0,0,0.3546048870425356,0.9350162426854148,25.743809523809528,26.35053571428572,25.747857142857143,23.78964285714285,3.002083333333333,0.01875,0.3341666666666666,0.55375,63.15815476190477,60.63505952380952,65.89136904761905,65.6420238095238,131.0,96.0,106.0,85.0,35.0,104.5
2019,4,2019-01-20,2019-01-26,151,32.26428571428571,20.91244047619048,25.924047619047617,0.1545833333333333,0.1666666666666666,59.433095238095234,3.311190476190476,11.351845238095233,15.924047619047617,1,1.0759523809523834,0,0,0.4647231720437685,0.8854560256532099,25.992857142857144,25.743809523809528,26.35053571428572,25.747857142857143,2.0812500000000003,3.002083333333333,0.01875,0.3341666666666666,61.57041666666667,63.15815476190477,60.63505952380952,65.89136904761905,138.0,131.0,96.0,106.0,7.0,117.75
2019,5,2019-01-27,2019-02-02,165,32.27119047619048,22.057321428571427,26.450952380952383,0.11375,0.25,59.24892857142857,2.190892857142857,10.213869047619056,16.450952380952383,1,0.5490476190476166,0,0,0.5680647467311558,0.8229838658936564,25.924047619047617,25.992857142857144,25.743809523809528,26.35053571428572,0.1545833333333333,2.0812500000000003,3.002083333333333,0.01875,59.433095238095234,61.57041666666667,63.15815476190477,60.63505952380952,151.0,138.0,131.0,96.0,13.0,129.0
2019,6,2019-02-03,2019-02-09,161,33.34136904761905,22.18458333333333,26.940059523809524,0.3566666666666667,1.0416666666666667,59.64089285714286,2.393095238095238,11.156785714285718,16.940059523809524,1,0.05994047619047649,0,0,0.6631226582407952,0.7485107481711011,26.450952380952383,25.924047619047617,25.992857142857144,25.743809523809528,0.11375,0.1545833333333333,2.0812500000000003,3.002083333333333,59.24892857142857,59.433095238095234,61.57041666666667,63.15815476190477,165.0,151.0,138.0,131.0,14.0,146.25
2019,7,2019-02-10,2019-02-16,150,33.02077380952381,22.227261904761903,26.81904761904762,0.1629166666666666,0.5416666666666666,60.621785714285714,2.4658333333333333,10.793511904761907,16.81904761904762,1,0.1809523809523803,0,0,0.7485107481711011,0.6631226582407953,26.940059523809524,26.450952380952383,25.924047619047617,25.992857142857144,0.3566666666666667,0.11375,0.1545833333333333,2.0812500000000003,59.64089285714286,59.24892857142857,59.433095238095234,61.57041666666667,161.0,165.0,151.0,138.0,-4.0,153.75
2019,8,2019-02-17,2019-02-23,160,32.33166666666667,22.70815476190476,26.70511904761905,2.855833333333333,3.0416666666666665,66.58214285714286,2.022738095238095,9.623511904761912,16.70511904761905,1,0.29488095238095013,0,0,0.8229838658936564,0.5680647467311559,26.81904761904762,26.940059523809524,26.450952380952383,25.924047619047617,0.1629166666666666,0.3566666666666667,0.11375,0.1545833333333333,60.621785714285714,59.64089285714286,59.24892857142857,59.433095238095234,150.0,161.0,165.0,151.0,-11.0,156.75
2019,9,2019-02-24,2019-03-02,152,33.86928571428572,23.22571428571429,27.826666666666668,2.3129166666666667,2.375,56.22172619047618,2.329940476190476,10.643571428571434,17.826666666666668,1,0.826666666666668,0,0,0.8854560256532099,0.4647231720437686,26.70511904761905,26.81904761904762,26.940059523809524,26.450952380952383,2.855833333333333,0.1629166666666666,0.3566666666666667,0.11375,66.58214285714286,60.621785714285714,59.64089285714286,59.24892857142857,160.0,150.0,161.0,165.0,10.0,159.0
2019,10,2019-03-03,2019-03-09,169,34.62934523809523,23.608511904761908,28.39482142857143,0.1170833333333333,0.3333333333333333,56.34142857142857,2.938154761904762,11.020833333333325,18.39482142857143,1,1.3948214285714293,0,0,0.9350162426854148,0.35460488704253557,27.826666666666668,26.70511904761905,26.81904761904762,26.940059523809524,2.3129166666666667,2.855833333333333,0.1629166666666666,0.3566666666666667,56.22172619047618,66.58214285714286,60.621785714285714,59.64089285714286,152.0,160.0,150.0,161.0,-8.0,155.75
2019,11,2019-03-10,2019-03-16,189,34.91363095238095,23.75065476190476,28.57464285714286,0.0,0.0,52.57279761904761,2.3939880952380954,11.16297619047619,18.57464285714286,1,1.5746428571428588,0,0,0.970941817426052,0.23931566428755804,28.39482142857143,27.826666666666668,26.70511904761905,26.81904761904762,0.1170833333333333,2.3129166666666667,2.855833333333333,0.1629166666666666,56.34142857142857,56.22172619047618,66.58214285714286,60.621785714285714,169.0,152.0,160.0,150.0,17.0,157.75
2019,12,2019-03-17,2019-03-23,159,34.858690476190475,23.053392857142857,28.55714285714286,0.0441666666666666,0.125,49.235059523809525,2.725119047619048,11.805297619047618,18.55714285714286,1,1.5571428571428605,0,0,0.992708874098054,0.120536680255323,28.57464285714286,28.39482142857143,27.826666666666668,26.70511904761905,0.0,0.1170833333333333,2.3129166666666667,2.855833333333333,52.57279761904761,56.34142857142857,56.22172619047618,66.58214285714286,189.0,169.0,152.0,160.0,20.0,167.5
2019,13,2019-03-24,2019-03-30,168,34.37488095238096,22.067619047619047,27.82047619047619,0.1266666666666666,0.2916666666666667,49.45934523809524,3.357559523809524,12.307261904761916,17.82047619047619,1,0.8204761904761888,0,0,1.0,-1.6081226496766364e-16,28.55714285714286,28.57464285714286,28.39482142857143,27.826666666666668,0.0441666666666666,0.0,0.1170833333333333,2.3129166666666667,49.235059523809525,52.57279761904761,56.34142857142857,56.22172619047618,159.0,189.0,169.0,152.0,-30.0,167.25
2019,14,2019-03-31,2019-04-06,166,33.93029761904762,24.39089285714286,28.52083333333333,5.572916666666667,4.375,58.04654761904762,2.2895238095238093,9.539404761904763,18.52083333333333,1,1.5208333333333286,0,0,0.992708874098054,-0.12053668025532288,27.82047619047619,28.55714285714286,28.57464285714286,28.39482142857143,0.1266666666666666,0.0441666666666666,0.0,0.1170833333333333,49.45934523809524,49.235059523809525,52.57279761904761,56.34142857142857,168.0,159.0,189.0,169.0,9.0,171.25
2019,15,2019-04-07,2019-04-13,150,32.78125,24.233988095238093,27.70928571428572,6.030833333333334,4.916666666666667,67.73321428571428,2.3886904761904764,8.547261904761907,17.70928571428572,1,0.7092857142857198,0,0,0.9709418174260521,-0.2393156642875575,28.52083333333333,27.82047619047619,28.55714285714286,28.57464285714286,5.572916666666667,0.1266666666666666,0.0441666666666666,0.0,58.04654761904762,49.45934523809524,49.235059523809525,52.57279761904761,166.0,168.0,159.0,189.0,-2.0,170.5
2019,16,2019-04-14,2019-04-20,128,33.801785714285714,24.80107142857143,28.78827380952381,1.0079166666666668,2.833333333333333,60.24511904761905,2.5415476190476194,9.000714285714285,18.78827380952381,1,1.7882738095238118,0,0,0.9350162426854148,-0.35460488704253545,27.70928571428572,28.52083333333333,27.82047619047619,28.55714285714286,6.030833333333334,5.572916666666667,0.1266666666666666,0.0441666666666666,67.73321428571428,58.04654761904762,49.45934523809524,49.235059523809525,150.0,166.0,168.0,159.0,-16.0,160.75
2019,17,2019-04-21,2019-04-27,169,33.74190476190476,24.53982142857143,28.581488095238097,0.3475,1.2083333333333333,58.675357142857145,2.437559523809524,9.202083333333334,18.581488095238097,1,1.5814880952380967,0,0,0.8854560256532099,-0.4647231720437685,28.78827380952381,27.70928571428572,28.52083333333333,27.82047619047619,1.0079166666666668,6.030833333333334,5.572916666666667,0.1266666666666666,60.24511904761905,67.73321428571428,58.04654761904762,49.45934523809524,128.0,150.0,166.0,168.0,-22.0,153.0
2019,18,2019-04-28,2019-05-04,198,33.00559523809524,25.329285714285717,28.57922619047619,42.61958333333333,6.083333333333333,66.55261904761905,1.7758333333333332,7.676309523809522,18.57922619047619,1,1.5792261904761915,1,1,0.8229838658936565,-0.5680647467311557,28.581488095238097,28.78827380952381,27.70928571428572,28.52083333333333,0.3475,1.0079166666666668,6.030833333333334,5.572916666666667,58.675357142857145,60.24511904761905,67.73321428571428,58.04654761904762,169.0,128.0,150.0,166.0,41.0,153.25
2019,19,2019-05-05,2019-05-11,198,31.52440476190476,25.04309523809524,27.71410714285714,30.953333333333333,7.0,76.61863095238095,1.9285119047619048,6.481309523809518,17.71410714285714,1,0.7141071428571415,1,1,0.7485107481711013,-0.663122658240795,28.57922619047619,28.581488095238097,28.78827380952381,27.70928571428572,42.61958333333333,0.3475,1.0079166666666668,6.030833333333334,66.55261904761905,58.675357142857145,60.24511904761905,67.73321428571428,198.0,169.0,128.0,150.0,29.0,161.25
2019,20,2019-05-12,2019-05-18,249,30.1547619047619,24.45017857142857,26.75839285714285,75.25166666666667,7.0,79.31476190476191,1.6477380952380951,5.704583333333332,16.75839285714285,1,0.24160714285714846,1,1,0.6631226582407952,-0.7485107481711012,27.71410714285714,28.57922619047619,28.581488095238097,28.78827380952381,30.953333333333333,42.61958333333333,0.3475,1.0079166666666668,76.61863095238095,66.55261904761905,58.675357142857145,60.24511904761905,198.0,198.0,169.0,128.0,0.0,173.25
2019,21,2019-05-19,2019-05-25,281,29.06779761904762,23.85053571428572,25.95684523809524,99.22875,7.0,83.21065476190476,2.182261904761905,5.2172619047619015,15.95684523809524,1,1.0431547619047592,1,1,0.5680647467311558,-0.8229838658936564,26.75839285714285,27.71410714285714,28.57922619047619,28.581488095238097,75.25166666666667,30.953333333333333,42.61958333333333,0.3475,79.31476190476191,76.61863095238095,66.55261904761905,58.675357142857145,249.0,198.0,198.0,169.0,51.0,203.5
2019,22,2019-05-26,2019-06-01,264,27.92654761904762,23.33083333333333,25.26392857142857,45.57708333333334,7.0,84.90940476190475,2.211309523809524,4.5957142857142905,15.263928571428568,1,1.7360714285714316,1,1,0.46472317204376906,-0.8854560256532096,25.95684523809524,26.75839285714285,27.71410714285714,28.57922619047619,99.22875,75.25166666666667,30.953333333333333,42.61958333333333,83.21065476190476,79.31476190476191,76.61863095238095,66.55261904761905,281.0,249.0,198.0,198.0,32.0,231.5
2019,23,2019-06-02,2019-06-08,347,29.23125,24.123214285714287,26.291071428571428,39.248333333333335,7.0,83.19672619047618,1.5566666666666666,5.1080357142857125,16.291071428571428,1,0.7089285714285722,1,1,0.35460488704253584,-0.9350162426854147,25.26392857142857,25.95684523809524,26.75839285714285,27.71410714285714,45.57708333333334,99.22875,75.25166666666667,30.953333333333333,84.90940476190475,83.21065476190476,79.31476190476191,76.61863095238095,264.0,281.0,249.0,198.0,-17.0,248.0
2019,24,2019-06-09,2019-06-15,383,28.686309523809523,24.12273809523809,26.109226190476196,69.25916666666667,6.708333333333333,83.87964285714285,1.5905357142857142,4.563571428571432,16.109226190476196,1,0.8907738095238038,1,1,0.23931566428755768,-0.970941817426052,26.291071428571428,25.26392857142857,25.95684523809524,26.75839285714285,39.248333333333335,45.57708333333334,99.22875,75.25166666666667,83.19672619047618,84.90940476190475,83.21065476190476,79.31476190476191,347.0,264.0,281.0,249.0,83.0,285.25
2019,25,2019-06-16,2019-06-22,449,31.30315476190476,25.169047619047618,27.95,52.293333333333344,7.0,77.61339285714286,1.3841666666666663,6.134107142857143,17.95,1,0.9499999999999993,1,1,0.12053668025532308,-0.992708874098054,26.109226190476196,26.291071428571428,25.26392857142857,25.95684523809524,69.25916666666667,39.248333333333335,45.57708333333334,99.22875,83.87964285714285,83.19672619047618,84.90940476190475,83.21065476190476,383.0,347.0,264.0,281.0,36.0,318.75
2019,26,2019-06-23,2019-06-29,717,31.548511904761902,23.957916666666662,27.467202380952383,43.65,5.666666666666667,72.47625000000001,2.405416666666667,7.59059523809524,17.467202380952383,1,0.46720238095238287,1,1,-3.216245299353273e-16,-1.0,27.95,26.109226190476196,26.291071428571428,25.26392857142857,52.293333333333344,69.25916666666667,39.248333333333335,45.57708333333334,77.61339285714286,83.87964285714285,83.19672619047618,84.90940476190475,449.0,383.0,347.0,264.0,66.0,360.75
2019,27,2019-06-30,2019-07-06,921,32.455059523809524,23.88267857142857,27.931309523809528,9.634166666666667,4.208333333333333,68.90267857142858,1.8205357142857144,8.572380952380954,17.931309523809528,1,0.9313095238095279,0,1,-0.12053668025532283,-0.992708874098054,27.467202380952383,27.95,26.109226190476196,26.291071428571428,43.65,52.293333333333344,69.25916666666667,39.248333333333335,72.47625000000001,77.61339285714286,83.87964285714285,83.19672619047618,717.0,449.0,383.0,347.0,268.0,474.0
2019,28,2019-07-07,2019-07-13,1033,30.35952380952381,24.406011904761908,26.9625,57.40375,7.0,78.56797619047619,1.363988095238095,5.953511904761903,16.9625,1,0.03750000000000142,1,1,-0.23931566428755743,-0.9709418174260521,27.931309523809528,27.467202380952383,27.95,26.109226190476196,9.634166666666667,43.65,52.293333333333344,69.25916666666667,68.90267857142858,72.47625000000001,77.61339285714286,83.87964285714285,921.0,717.0,449.0,383.0,204.0,617.5
2019,29,2019-07-14,2019-07-20,1201,31.676190476190477,24.20875,27.63595238095238,41.53833333333333,7.0,73.07285714285713,1.668392857142857,7.467440476190479,17.63595238095238,1,0.6359523809523786,1,1,-0.3546048870425356,-0.9350162426854148,26.9625,27.931309523809528,27.467202380952383,27.95,57.40375,9.634166666666667,43.65,52.293333333333344,78.56797619047619,68.90267857142858,72.47625000000001,77.61339285714286,1033.0,921.0,717.0,449.0,112.0,780.0
2019,30,2019-07-21,2019-07-27,1473,31.536666666666665,24.48053571428571,27.589880952380952,61.281666666666666,7.0,73.03184523809524,1.704702380952381,7.056130952380954,17.589880952380952,1,0.5898809523809518,1,1,-0.46472317204376806,-0.8854560256532101,27.63595238095238,26.9625,27.931309523809528,27.467202380952383,41.53833333333333,57.40375,9.634166666666667,43.65,73.07285714285713,78.56797619047619,68.90267857142858,72.47625000000001,1201.0,1033.0,921.0,717.0,168.0,968.0
2019,31,2019-07-28,2019-08-03,484,31.358452380952382,23.801369047619048,27.324226190476192,76.50916666666667,7.0,72.91607142857143,1.858869047619048,7.557083333333335,17.324226190476192,1,0.3242261904761925,1,1,-0.5680647467311556,-0.8229838658936565,27.589880952380952,27.63595238095238,26.9625,27.931309523809528,61.281666666666666,41.53833333333333,57.40375,9.634166666666667,73.03184523809524,73.07285714285713,78.56797619047619,68.90267857142858,1473.0,1201.0,1033.0,921.0,272.0,1157.0
2019,32,2019-08-04,2019-08-10,2178,30.332380952380948,24.82130952380952,27.21517857142857,44.10708333333333,6.875,79.88958333333333,1.3569642857142856,5.511071428571427,17.21517857142857,1,0.2151785714285701,1,1,-0.663122658240795,-0.7485107481711013,27.324226190476192,27.589880952380952,27.63595238095238,26.9625,76.50916666666667,61.281666666666666,41.53833333333333,57.40375,72.91607142857143,73.03184523809524,73.07285714285713,78.56797619047619,484.0,1473.0,1201.0,1033.0,-989.0,1047.75
2019,33,2019-08-11,2019-08-17,1128,31.07785714285714,24.70732142857143,27.396309523809524,68.5225,6.416666666666667,75.8302380952381,1.7761309523809523,6.370535714285712,17.396309523809524,1,0.3963095238095242,1,1,-0.7485107481711011,-0.6631226582407952,27.21517857142857,27.324226190476192,27.589880952380952,27.63595238095238,44.10708333333333,76.50916666666667,61.281666666666666,41.53833333333333,79.88958333333333,72.91607142857143,73.03184523809524,73.07285714285713,2178.0,484.0,1473.0,1201.0,1694.0,1334.0
2019,34,2019-08-18,2019-08-24,1172,29.33053571428572,23.786666666666665,26.335892857142856,42.02375,7.0,80.51779761904761,1.4964285714285717,5.543869047619054,16.335892857142856,1,0.6641071428571443,1,1,-0.8229838658936564,-0.5680647467311559,27.396309523809524,27.21517857142857,27.324226190476192,27.589880952380952,68.5225,44.10708333333333,76.50916666666667,61.281666666666666,75.8302380952381,79.88958333333333,72.91607142857143,73.03184523809524,1128.0,2178.0,484.0,1473.0,-1050.0,1315.75
2019,35,2019-08-25,2019-08-31,1295,30.957619047619048,24.23440476190476,27.22815476190476,36.89041666666667,7.0,76.08708333333333,1.5754166666666665,6.723214285714288,17.22815476190476,1,0.22815476190476147,1,1,-0.8854560256532096,-0.4647231720437691,26.335892857142856,27.396309523809524,27.21517857142857,27.324226190476192,42.02375,68.5225,44.10708333333333,76.50916666666667,80.51779761904761,75.8302380952381,79.88958333333333,72.91607142857143,1172.0,1128.0,2178.0,484.0,44.0,1240.5
2019,36,2019-09-01,2019-09-07,1296,30.62803571428572,24.22434523809524,26.980416666666667,54.53041666666667,7.0,78.29267857142857,1.4710714285714286,6.40369047619048,16.980416666666667,1,0.019583333333333286,1,1,-0.9350162426854147,-0.3546048870425359,27.22815476190476,26.335892857142856,27.396309523809524,27.21517857142857,36.89041666666667,42.02375,68.5225,44.10708333333333,76.08708333333333,80.51779761904761,75.8302380952381,79.88958333333333,1295.0,1172.0,1128.0,2178.0,123.0,1443.25
2019,37,2019-09-08,2019-09-14,1233,30.85440476190476,24.21345238095238,27.13470238095238,33.40208333333333,7.0,78.71654761904762,1.5980952380952382,6.640952380952381,17.13470238095238,1,0.13470238095237974,1,1,-0.970941817426052,-0.23931566428755774,26.980416666666667,27.22815476190476,26.335892857142856,27.396309523809524,54.53041666666667,36.89041666666667,42.02375,68.5225,78.29267857142857,76.08708333333333,80.51779761904761,75.8302380952381,1296.0,1295.0,1172.0,1128.0,1.0,1222.75
2019,38,2019-09-15,2019-09-21,1163,29.562321428571423,23.41482142857143,26.11208333333333,90.22583333333334,7.0,81.99077380952382,1.7665476190476188,6.147499999999994,16.11208333333333,1,0.8879166666666691,1,1,-0.992708874098054,-0.12053668025532357,27.13470238095238,26.980416666666667,27.22815476190476,26.335892857142856,33.40208333333333,54.53041666666667,36.89041666666667,42.02375,78.71654761904762,78.29267857142857,76.08708333333333,80.51779761904761,1233.0,1296.0,1295.0,1172.0,-63.0,1249.0
2019,39,2019-09-22,2019-09-28,1112,27.45327380952381,23.478214285714287,25.139821428571427,86.04458333333334,7.0,87.85125000000001,2.0854166666666667,3.9750595238095237,15.139821428571427,1,1.8601785714285732,1,1,-1.0,-1.8369701987210297e-16,26.11208333333333,27.13470238095238,26.980416666666667,27.22815476190476,90.22583333333334,33.40208333333333,54.53041666666667,36.89041666666667,81.99077380952382,78.71654761904762,78.29267857142857,76.08708333333333,1163.0,1233.0,1296.0,1295.0,-70.0,1246.75
2019,40,2019-09-29,2019-10-05,1013,28.426607142857147,23.208571428571428,25.45488095238095,61.01875,7.0,85.5892261904762,1.6247619047619049,5.218035714285719,15.45488095238095,1,1.5451190476190497,1,1,-0.992708874098054,0.1205366802553232,25.139821428571427,26.11208333333333,27.13470238095238,26.980416666666667,86.04458333333334,90.22583333333334,33.40208333333333,54.53041666666667,87.85125000000001,81.99077380952382,78.71654761904762,78.29267857142857,1112.0,1163.0,1233.0,1296.0,-51.0,1201.0
2019,41,2019-10-06,2019-10-12,954,28.948511904761904,23.213511904761905,25.6225,56.0075,7.0,84.04505952380951,1.463452380952381,5.734999999999999,15.622499999999999,1,1.3775000000000013,1,1,-0.9709418174260521,0.23931566428755738,25.45488095238095,25.139821428571427,26.11208333333333,27.13470238095238,61.01875,86.04458333333334,90.22583333333334,33.40208333333333,85.5892261904762,87.85125000000001,81.99077380952382,78.71654761904762,1013.0,1112.0,1163.0,1233.0,-99.0,1130.25
2019,42,2019-10-13,2019-10-19,701,27.896011904761902,23.22142857142857,25.15958333333333,85.65416666666665,7.0,87.63577380952381,2.26125,4.674583333333331,15.15958333333333,1,1.8404166666666697,1,1,-0.9350162426854148,0.35460488704253557,25.6225,25.45488095238095,25.139821428571427,26.11208333333333,56.0075,61.01875,86.04458333333334,90.22583333333334,84.04505952380951,85.5892261904762,87.85125000000001,81.99077380952382,954.0,1013.0,1112.0,1163.0,-59.0,1060.5
2019,43,2019-10-20,2019-10-26,623,27.87565476190476,23.45833333333333,25.183511904761904,35.440416666666664,7.0,86.02982142857144,1.742738095238095,4.41732142857143,15.183511904761904,1,1.8164880952380962,1,1,-0.8854560256532101,0.464723172043768,25.15958333333333,25.6225,25.45488095238095,25.139821428571427,85.65416666666665,56.0075,61.01875,86.04458333333334,87.63577380952381,84.04505952380951,85.5892261904762,87.85125000000001,701.0,954.0,1013.0,1112.0,-253.0,945.0
2019,44,2019-10-27,2019-11-02,574,28.95511904761905,23.08833333333333,25.636011904761904,36.5225,7.0,82.40083333333332,1.5542261904761905,5.866785714285719,15.636011904761904,1,1.3639880952380956,1,0,-0.822983865893657,0.5680647467311548,25.183511904761904,25.15958333333333,25.6225,25.45488095238095,35.440416666666664,85.65416666666665,56.0075,61.01875,86.02982142857144,87.63577380952381,84.04505952380951,85.5892261904762,623.0,701.0,954.0,1013.0,-78.0,822.75
2019,45,2019-11-03,2019-11-09,444,30.028511904761903,22.48922619047619,25.858988095238093,4.20375,5.208333333333333,77.85857142857142,2.744166666666666,7.539285714285711,15.858988095238093,1,1.141011904761907,0,0,-0.7485107481711011,0.6631226582407952,25.636011904761904,25.183511904761904,25.15958333333333,25.6225,36.5225,35.440416666666664,85.65416666666665,56.0075,82.40083333333332,86.02982142857144,87.63577380952381,84.04505952380951,574.0,623.0,701.0,954.0,-49.0,713.0
2019,46,2019-11-10,2019-11-16,446,29.547261904761907,22.613273809523808,25.68636904761905,11.082083333333337,7.0,78.38994047619047,1.947857142857143,6.9339880952380994,15.68636904761905,1,1.3136309523809508,1,0,-0.6631226582407955,0.7485107481711007,25.858988095238093,25.636011904761904,25.183511904761904,25.15958333333333,4.20375,36.5225,35.440416666666664,85.65416666666665,77.85857142857142,82.40083333333332,86.02982142857144,87.63577380952381,444.0,574.0,623.0,701.0,-130.0,585.5
2019,47,2019-11-17,2019-11-23,302,29.53869047619048,21.50392857142857,25.13440476190476,0.4891666666666667,1.0833333333333333,74.73428571428572,2.046845238095238,8.034761904761911,15.134404761904761,1,1.8655952380952385,0,0,-0.5680647467311559,0.8229838658936564,25.68636904761905,25.858988095238093,25.636011904761904,25.183511904761904,11.082083333333337,4.20375,36.5225,35.440416666666664,78.38994047619047,77.85857142857142,82.40083333333332,86.02982142857144,446.0,444.0,574.0,623.0,2.0,521.75
2019,48,2019-11-24,2019-11-30,241,30.815297619047616,22.72196428571429,26.266666666666666,0.0725,0.0,73.7752380952381,2.1510119047619045,8.093333333333327,16.266666666666666,1,0.7333333333333343,0,0,-0.4647231720437684,0.88545602565321,25.13440476190476,25.68636904761905,25.858988095238093,25.636011904761904,0.4891666666666667,11.082083333333337,4.20375,36.5225,74.73428571428572,78.38994047619047,77.85857142857142,82.40083333333332,302.0,446.0,444.0,574.0,-144.0,441.5
2019,49,2019-12-01,2019-12-07,224,30.680535714285718,21.445357142857144,25.582142857142856,0.86,1.7916666666666667,69.98363095238095,2.6079761904761902,9.235178571428573,15.582142857142856,1,1.4178571428571445,0,0,-0.35460488704253595,0.9350162426854147,26.266666666666666,25.13440476190476,25.68636904761905,25.858988095238093,0.0725,0.4891666666666667,11.082083333333337,4.20375,73.7752380952381,74.73428571428572,78.38994047619047,77.85857142857142,241.0,302.0,446.0,444.0,-61.0,358.25
2019,50,2019-12-08,2019-12-14,237,30.923392857142854,22.079107142857143,26.08172619047619,0.8925000000000001,2.083333333333333,70.38988095238095,2.3298214285714285,8.84428571428571,16.08172619047619,1,0.9182738095238108,0,0,-0.2393156642875578,0.970941817426052,25.582142857142856,26.266666666666666,25.13440476190476,25.68636904761905,0.86,0.0725,0.4891666666666667,11.082083333333337,69.98363095238095,73.7752380952381,74.73428571428572,78.38994047619047,224.0,241.0,302.0,446.0,-17.0,303.25
2019,51,2019-12-15,2019-12-21,206,30.333630952380958,21.636071428571427,25.41714285714286,3.455833333333333,4.333333333333333,69.67678571428571,3.41904761904762,8.697559523809531,15.41714285714286,1,1.58285714285714,0,0,-0.12053668025532363,0.992708874098054,26.08172619047619,25.582142857142856,26.266666666666666,25.13440476190476,0.8925000000000001,0.86,0.0725,0.4891666666666667,70.38988095238095,69.98363095238095,73.7752380952381,74.73428571428572,237.0,224.0,241.0,302.0,13.0,251.0
2019,52,2019-12-22,2019-12-28,128,31.651369047619045,21.18565476190476,25.708690476190476,0.4495833333333333,1.3333333333333333,66.62755952380952,2.837678571428571,10.465714285714284,15.708690476190476,1,1.2913095238095238,0,0,6.432490598706546e-16,1.0,25.41714285714286,26.08172619047619,25.582142857142856,26.266666666666666,3.455833333333333,0.8925000000000001,0.86,0.0725,69.67678571428571,70.38988095238095,69.98363095238095,73.7752380952381,206.0,237.0,224.0,241.0,-31.0,227.0
2020,1,2019-12-29,2020-01-04,116,31.324583333333333,22.59113095238095,26.33345238095238,0.6975000000000001,1.8333333333333333,68.8157738095238,1.927619047619048,8.733452380952382,16.33345238095238,1,0.6665476190476198,0,0,0.12053668025532305,0.992708874098054,25.708690476190476,25.41714285714286,26.08172619047619,25.582142857142856,0.4495833333333333,3.455833333333333,0.8925000000000001,0.86,66.62755952380952,69.67678571428571,70.38988095238095,69.98363095238095,128.0,206.0,237.0,224.0,-78.0,198.75
2020,2,2020-01-05,2020-01-11,162,31.96607142857143,21.540535714285717,26.099166666666665,2.114583333333333,3.083333333333333,63.34607142857143,4.339761904761905,10.425535714285711,16.099166666666665,1,0.9008333333333347,0,0,0.23931566428755774,0.970941817426052,26.33345238095238,25.708690476190476,25.41714285714286,26.08172619047619,0.6975000000000001,0.4495833333333333,3.455833333333333,0.8925000000000001,68.8157738095238,66.62755952380952,69.67678571428571,70.38988095238095,116.0,128.0,206.0,237.0,-12.0,171.75
2020,3,2020-01-12,2020-01-18,160,33.40404761904762,22.849285714285717,27.62672619047619,0.2216666666666666,0.375,59.94017857142857,3.5123809523809526,10.5547619047619,17.62672619047619,1,0.6267261904761909,0,0,0.3546048870425356,0.9350162426854148,26.099166666666665,26.33345238095238,25.708690476190476,25.41714285714286,2.114583333333333,0.6975000000000001,0.4495833333333333,3.455833333333333,63.34607142857143,68.8157738095238,66.62755952380952,69.67678571428571,162.0,116.0,128.0,206.0,46.0,153.0
2020,4,2020-01-19,2020-01-25,210,31.78125,21.425059523809523,25.960416666666664,1.75125,2.2916666666666665,61.482976190476194,3.4532142857142856,10.356190476190477,15.960416666666664,1,1.0395833333333364,0,0,0.4647231720437685,0.8854560256532099,27.62672619047619,26.099166666666665,26.33345238095238,25.708690476190476,0.2216666666666666,2.114583333333333,0.6975000000000001,0.4495833333333333,59.94017857142857,63.34607142857143,68.8157738095238,66.62755952380952,160.0,162.0,116.0,128.0,-2.0,141.5
2020,5,2020-01-26,2020-02-01,256,32.00017857142857,22.285416666666663,26.32255952380952,0.1141666666666666,0.1666666666666666,67.7252380952381,1.9239880952380952,9.714761904761907,16.32255952380952,1,0.6774404761904798,0,0,0.5680647467311558,0.8229838658936564,25.960416666666664,27.62672619047619,26.099166666666665,26.33345238095238,1.75125,0.2216666666666666,2.114583333333333,0.6975000000000001,61.482976190476194,59.94017857142857,63.34607142857143,68.8157738095238,210.0,160.0,162.0,116.0,50.0,162.0
2020,6,2020-02-02,2020-02-08,214,33.058273809523804,22.49940476190476,27.08392857142857,0.6658333333333334,1.125,62.78607142857143,2.427440476190476,10.558869047619044,17.08392857142857,1,0.08392857142856869,0,0,0.6631226582407952,0.7485107481711011,26.32255952380952,25.960416666666664,27.62672619047619,26.099166666666665,0.1141666666666666,1.75125,0.2216666666666666,2.114583333333333,67.7252380952381,61.482976190476194,59.94017857142857,63.34607142857143,256.0,210.0,160.0,162.0,46.0,197.0
2020,7,2020-02-09,2020-02-15,180,34.06047619047619,22.95684523809524,27.915000000000003,0.09,0.125,54.72238095238095,2.7729166666666667,11.103630952380946,17.915000000000003,1,0.9150000000000027,0,0,0.7485107481711011,0.6631226582407953,27.08392857142857,26.32255952380952,25.960416666666664,27.62672619047619,0.6658333333333334,0.1141666666666666,1.75125,0.2216666666666666,62.78607142857143,67.7252380952381,61.482976190476194,59.94017857142857,214.0,256.0,210.0,160.0,-42.0,210.0
2020,8,2020-02-16,2020-02-22,208,34.92452380952381,23.112797619047612,28.36440476190476,0.99,1.875,53.318154761904765,3.214761904761905,11.8117261904762,18.36440476190476,1,1.3644047619047583,0,0,0.8229838658936564,0.5680647467311559,27.915000000000003,27.08392857142857,26.32255952380952,25.960416666666664,0.09,0.6658333333333334,0.1141666666666666,1.75125,54.72238095238095,62.78607142857143,67.7252380952381,61.482976190476194,180.0,214.0,256.0,210.0,-34.0,215.0
2020,9,2020-02-23,2020-02-29,193,32.331250000000004,22.08172619047619,26.41565476190476,1.66625,3.583333333333333,61.6110119047619,4.205535714285714,10.249523809523815,16.41565476190476,1,0.5843452380952385,0,0,0.8854560256532099,0.4647231720437686,28.36440476190476,27.915000000000003,27.08392857142857,26.32255952380952,0.99,0.09,0.6658333333333334,0.1141666666666666,53.318154761904765,54.72238095238095,62.78607142857143,67.7252380952381,208.0,180.0,214.0,256.0,28.0,214.5
2020,10,2020-03-01,2020-03-07,179,34.31910714285714,22.733392857142857,27.77220238095238,0.53,1.2916666666666667,57.88297619047619,3.1633333333333336,11.585714285714285,17.77220238095238,1,0.772202380952379,0,0,0.9350162426854148,0.35460488704253557,26.41565476190476,28.36440476190476,27.915000000000003,27.08392857142857,1.66625,0.99,0.09,0.6658333333333334,61.6110119047619,53.318154761904765,54.72238095238095,62.78607142857143,193.0,208.0,180.0,214.0,-15.0,198.75
2020,11,2020-03-08,2020-03-14,164,34.46714285714285,23.174702380952382,28.256130952380957,2.242083333333333,4.041666666666667,56.379464285714285,3.426607142857143,11.292440476190471,18.256130952380957,1,1.256130952380957,0,0,0.970941817426052,0.23931566428755804,27.77220238095238,26.41565476190476,28.36440476190476,27.915000000000003,0.53,1.66625,0.99,0.09,57.88297619047619,61.6110119047619,53.318154761904765,54.72238095238095,179.0,193.0,208.0,180.0,-14.0,190.0
2020,12,2020-03-15,2020-03-21,143,34.70875,24.34547619047619,28.92886904761905,0.4845833333333333,0.7916666666666666,54.47613095238095,2.494642857142857,10.363273809523811,18.92886904761905,1,1.9288690476190489,0,0,0.992708874098054,0.120536680255323,28.256130952380957,27.77220238095238,26.41565476190476,28.36440476190476,2.242083333333333,0.53,1.66625,0.99,56.379464285714285,57.88297619047619,61.6110119047619,53.318154761904765,164.0,179.0,193.0,208.0,-15.0,186.0
2020,13,2020-03-22,2020-03-28,94,34.46011904761905,24.577559523809523,28.79773809523809,0.0645833333333333,0.0833333333333333,57.577619047619045,2.6024404761904765,9.88255952380953,18.79773809523809,1,1.7977380952380884,0,0,1.0,-1.6081226496766364e-16,28.92886904761905,28.256130952380957,27.77220238095238,26.41565476190476,0.4845833333333333,2.242083333333333,0.53,1.66625,54.47613095238095,56.379464285714285,57.88297619047619,61.6110119047619,143.0,164.0,179.0,193.0,-21.0,169.75
2020,14,2020-03-29,2020-04-04,80,33.63916666666667,24.716964285714287,28.32273809523809,4.194999999999999,3.7083333333333335,65.38428571428572,2.4092261904761902,8.922202380952381,18.32273809523809,1,1.3227380952380905,0,0,0.992708874098054,-0.12053668025532288,28.79773809523809,28.92886904761905,28.256130952380957,27.77220238095238,0.0645833333333333,0.4845833333333333,2.242083333333333,0.53,57.577619047619045,54.47613095238095,56.379464285714285,57.88297619047619,94.0,143.0,164.0,179.0,-49.0,145.0
2020,15,2020-04-05,2020-04-11,81,35.57380952380952,25.722202380952385,29.79958333333333,0.3033333333333333,1.0416666666666667,62.67553571428571,2.352202380952381,9.851607142857137,19.79958333333333,1,2.799583333333331,0,0,0.9709418174260521,-0.2393156642875575,28.32273809523809,28.79773809523809,28.92886904761905,28.256130952380957,4.194999999999999,0.0645833333333333,0.4845833333333333,2.242083333333333,65.38428571428572,57.577619047619045,54.47613095238095,56.379464285714285,80.0,94.0,143.0,164.0,-14.0,120.25
2020,16,2020-04-12,2020-04-18,89,34.17422619047619,25.35553571428571,28.85458333333333,2.720833333333333,3.1666666666666665,65.27714285714286,2.4679761904761905,8.81869047619048,18.85458333333333,1,1.8545833333333306,0,0,0.9350162426854148,-0.35460488704253545,29.79958333333333,28.32273809523809,28.79773809523809,28.92886904761905,0.3033333333333333,4.194999999999999,0.0645833333333333,0.4845833333333333,62.67553571428571,65.38428571428572,57.577619047619045,54.47613095238095,81.0,80.0,94.0,143.0,1.0,99.5
2020,17,2020-04-19,2020-04-25,79,33.34690476190476,25.05267857142857,28.487797619047623,2.39125,4.416666666666667,65.35875,2.5644642857142856,8.294226190476191,18.487797619047623,1,1.4877976190476225,0,0,0.8854560256532099,-0.4647231720437685,28.85458333333333,29.79958333333333,28.32273809523809,28.79773809523809,2.720833333333333,0.3033333333333333,4.194999999999999,0.0645833333333333,65.27714285714286,62.67553571428571,65.38428571428572,57.577619047619045,89.0,81.0,80.0,94.0,8.0,86.0
2020,18,2020-04-26,2020-05-02,88,33.80428571428571,25.76440476190476,29.15375,6.21375,6.0,61.49089285714285,2.091904761904762,8.039880952380951,19.15375,1,2.1537499999999987,0,1,0.8229838658936565,-0.5680647467311557,28.487797619047623,28.85458333333333,29.79958333333333,28.32273809523809,2.39125,2.720833333333333,0.3033333333333333,4.194999999999999,65.35875,65.27714285714286,62.67553571428571,65.38428571428572,79.0,89.0,81.0,80.0,-10.0,82.25
2020,19,2020-05-03,2020-05-09,73,32.86785714285714,25.733095238095235,28.71625,47.562916666666666,6.708333333333333,66.2027380952381,2.154345238095238,7.1347619047619055,18.71625,1,1.7162499999999987,1,1,0.7485107481711013,-0.663122658240795,29.15375,28.487797619047623,28.85458333333333,29.79958333333333,6.21375,2.39125,2.720833333333333,0.3033333333333333,61.49089285714285,65.35875,65.27714285714286,62.67553571428571,88.0,79.0,89.0,81.0,9.0,84.25
2020,20,2020-05-10,2020-05-16,109,31.674404761904764,24.92190476190476,27.770773809523813,41.73625,6.875,73.54488095238095,1.6889285714285716,6.752500000000005,17.770773809523813,1,0.7707738095238135,1,1,0.6631226582407952,-0.7485107481711012,28.71625,29.15375,28.487797619047623,28.85458333333333,47.562916666666666,6.21375,2.39125,2.720833333333333,66.2027380952381,61.49089285714285,65.35875,65.27714285714286,73.0,88.0,79.0,89.0,-15.0,82.25
2020,21,2020-05-17,2020-05-23,105,31.263095238095243,24.57553571428572,27.369464285714287,39.2225,7.0,76.82065476190475,1.9014285714285717,6.687559523809522,17.369464285714287,1,0.3694642857142867,1,1,0.5680647467311558,-0.8229838658936564,27.770773809523813,28.71625,29.15375,28.487797619047623,41.73625,47.562916666666666,6.21375,2.39125,73.54488095238095,66.2027380952381,61.49089285714285,65.35875,109.0,73.0,88.0,79.0,36.0,87.25
2020,22,2020-05-24,2020-05-30,101,30.23702380952381,24.538988095238096,26.91565476190476,135.36041666666668,7.0,78.65565476190476,1.9985119047619049,5.698035714285712,16.91565476190476,1,0.08434523809523853,1,1,0.46472317204376906,-0.8854560256532096,27.369464285714287,27.770773809523813,28.71625,29.15375,39.2225,41.73625,47.562916666666666,6.21375,76.82065476190475,73.54488095238095,66.2027380952381,61.49089285714285,105.0,109.0,73.0,88.0,-4.0,93.75
2020,23,2020-05-31,2020-06-06,73,26.77684523809524,23.84767857142857,25.09059523809524,201.68541666666667,7.0,89.80595238095238,3.2965476190476197,2.9291666666666707,15.09059523809524,1,1.90940476190476,1,1,0.35460488704253584,-0.9350162426854147,26.91565476190476,27.369464285714287,27.770773809523813,28.71625,135.36041666666668,39.2225,41.73625,47.562916666666666,78.65565476190476,76.82065476190475,73.54488095238095,66.2027380952381,101.0,105.0,109.0,73.0,-4.0,97.0
2020,24,2020-06-07,2020-06-13,149,28.326845238095235,23.87529761904762,25.87404761904762,64.62083333333334,6.75,84.55553571428571,1.3225,4.451547619047616,15.87404761904762,1,1.1259523809523806,1,1,0.23931566428755768,-0.970941817426052,25.09059523809524,26.91565476190476,27.369464285714287,27.770773809523813,201.68541666666667,135.36041666666668,39.2225,41.73625,89.80595238095238,78.65565476190476,76.82065476190475,73.54488095238095,73.0,101.0,105.0,109.0,-28.0,97.0
2020,25,2020-06-14,2020-06-20,131,29.060595238095235,23.608392857142857,26.119642857142853,36.2425,6.875,81.56910714285713,1.7737499999999995,5.452202380952379,16.119642857142853,1,0.8803571428571466,1,1,0.12053668025532308,-0.992708874098054,25.87404761904762,25.09059523809524,26.91565476190476,27.369464285714287,64.62083333333334,201.68541666666667,135.36041666666668,39.2225,84.55553571428571,89.80595238095238,78.65565476190476,76.82065476190475,149.0,73.0,101.0,105.0,76.0,107.0
2020,26,2020-06-21,2020-06-27,156,29.93148809523809,23.53720238095238,26.627142857142857,32.3075,5.833333333333333,78.25053571428572,1.878095238095238,6.3942857142857115,16.627142857142857,1,0.3728571428571428,1,1,-3.216245299353273e-16,-1.0,26.119642857142853,25.87404761904762,25.09059523809524,26.91565476190476,36.2425,64.62083333333334,201.68541666666667,135.36041666666668,81.56910714285713,84.55553571428571,89.80595238095238,78.65565476190476,131.0,149.0,73.0,101.0,-18.0,113.5
2020,27,2020-06-28,2020-07-04,99,29.07279761904762,22.898988095238096,25.90803571428572,37.454166666666666,7.0,78.51535714285714,1.8761309523809524,6.173809523809524,15.90803571428572,1,1.0919642857142797,1,1,-0.12053668025532283,-0.992708874098054,26.627142857142857,26.119642857142853,25.87404761904762,25.09059523809524,32.3075,36.2425,64.62083333333334,201.68541666666667,78.25053571428572,81.56910714285713,84.55553571428571,89.80595238095238,156.0,131.0,149.0,73.0,25.0,127.25
2020,28,2020-07-05,2020-07-11,123,29.063928571428573,23.70684523809524,26.185297619047617,70.41291666666667,7.0,81.89845238095238,1.6477380952380951,5.357083333333332,16.185297619047617,1,0.814702380952383,1,1,-0.23931566428755743,-0.9709418174260521,25.90803571428572,26.627142857142857,26.119642857142853,25.87404761904762,37.454166666666666,32.3075,36.2425,64.62083333333334,78.51535714285714,78.25053571428572,81.56910714285713,84.55553571428571,99.0,156.0,131.0,149.0,-57.0,133.75
2020,29,2020-07-12,2020-07-18,90,30.149761904761903,23.16767857142857,26.537916666666664,6.9070833333333335,7.0,76.3889880952381,2.0035119047619045,6.982083333333332,16.537916666666664,1,0.46208333333333584,0,1,-0.3546048870425356,-0.9350162426854148,26.185297619047617,25.90803571428572,26.627142857142857,26.119642857142853,70.41291666666667,37.454166666666666,32.3075,36.2425,81.89845238095238,78.51535714285714,78.25053571428572,81.56910714285713,123.0,99.0,156.0,131.0,24.0,127.25
2020,30,2020-07-19,2020-07-25,78,28.638511904761906,23.83142857142857,25.967738095238094,97.7025,7.0,83.66041666666666,1.5120238095238097,4.807083333333335,15.967738095238094,1,1.0322619047619064,1,1,-0.46472317204376806,-0.8854560256532101,26.537916666666664,26.185297619047617,25.90803571428572,26.627142857142857,6.9070833333333335,70.41291666666667,37.454166666666666,32.3075,76.3889880952381,81.89845238095238,78.51535714285714,78.25053571428572,90.0,123.0,99.0,156.0,-33.0,117.0
2020,31,2020-07-26,2020-08-01,79,29.729166666666668,23.69357142857143,26.56416666666667,21.88,4.125,78.57154761904762,1.6241666666666663,6.035595238095237,16.56416666666667,1,0.4358333333333313,1,1,-0.5680647467311556,-0.8229838658936565,25.967738095238094,26.537916666666664,26.185297619047617,25.90803571428572,97.7025,6.9070833333333335,70.41291666666667,37.454166666666666,83.66041666666666,76.3889880952381,81.89845238095238,78.51535714285714,78.0,90.0,123.0,99.0,-12.0,97.5
2020,32,2020-08-02,2020-08-08,40,29.647619047619045,24.18767857142857,26.56660714285714,99.9675,7.0,81.39821428571429,1.5450595238095235,5.459940476190475,16.56660714285714,1,0.43339285714285936,1,1,-0.663122658240795,-0.7485107481711013,26.56416666666667,25.967738095238094,26.537916666666664,26.185297619047617,21.88,97.7025,6.9070833333333335,70.41291666666667,78.57154761904762,83.66041666666666,76.3889880952381,81.89845238095238,79.0,78.0,90.0,123.0,1.0,92.5
2020,33,2020-08-09,2020-08-15,80,30.588035714285716,23.75619047619048,26.96607142857143,22.89125,7.0,76.30005952380952,1.9685714285714289,6.831845238095237,16.96607142857143,1,0.03392857142857153,1,1,-0.7485107481711011,-0.6631226582407952,26.56660714285714,26.56416666666667,25.967738095238094,26.537916666666664,99.9675,21.88,97.7025,6.9070833333333335,81.39821428571429,78.57154761904762,83.66041666666666,76.3889880952381,40.0,79.0,78.0,90.0,-39.0,71.75
2020,34,2020-08-16,2020-08-22,49,28.508214285714285,23.57208333333333,25.75529761904762,93.75708333333334,7.0,83.47434523809524,1.989107142857143,4.936130952380953,15.75529761904762,1,1.2447023809523792,1,1,-0.8229838658936564,-0.5680647467311559,26.96607142857143,26.56660714285714,26.56416666666667,25.967738095238094,22.89125,99.9675,21.88,97.7025,76.30005952380952,81.39821428571429,78.57154761904762,83.66041666666666,80.0,40.0,79.0,78.0,40.0,69.25
2020,35,2020-08-23,2020-08-29,72,27.49267857142857,23.41958333333333,25.169464285714284,57.325,7.0,87.9477380952381,2.3310119047619047,4.073095238095242,15.169464285714284,1,1.8305357142857162,1,1,-0.8854560256532096,-0.4647231720437691,25.75529761904762,26.96607142857143,26.56660714285714,26.56416666666667,93.75708333333334,22.89125,99.9675,21.88,83.47434523809524,76.30005952380952,81.39821428571429,78.57154761904762,49.0,80.0,40.0,79.0,-31.0,62.0
2020,36,2020-08-30,2020-09-05,89,28.437142857142856,23.143214285714283,25.490357142857142,88.06958333333334,7.0,84.28309523809524,1.5752976190476191,5.293928571428573,15.490357142857142,1,1.5096428571428575,1,1,-0.9350162426854147,-0.3546048870425359,25.169464285714284,25.75529761904762,26.96607142857143,26.56660714285714,57.325,93.75708333333334,22.89125,99.9675,87.9477380952381,83.47434523809524,76.30005952380952,81.39821428571429,72.0,49.0,80.0,40.0,23.0,60.25
2020,37,2020-09-06,2020-09-12,82,28.079642857142854,23.40761904761905,25.419642857142858,88.60958333333333,7.0,86.15892857142858,1.4764880952380954,4.672023809523804,15.419642857142858,1,1.5803571428571423,1,1,-0.970941817426052,-0.23931566428755774,25.490357142857142,25.169464285714284,25.75529761904762,26.96607142857143,88.06958333333334,57.325,93.75708333333334,22.89125,84.28309523809524,87.9477380952381,83.47434523809524,76.30005952380952,89.0,72.0,49.0,80.0,17.0,72.5
2020,38,2020-09-13,2020-09-19,66,28.278809523809525,23.34005952380953,25.53065476190476,40.80625,7.0,84.37565476190476,1.4226785714285717,4.938749999999995,15.53065476190476,1,1.46934523809524,1,1,-0.992708874098054,-0.12053668025532357,25.419642857142858,25.490357142857142,25.169464285714284,25.75529761904762,88.60958333333333,88.06958333333334,57.325,93.75708333333334,86.15892857142858,84.28309523809524,87.9477380952381,83.47434523809524,82.0,89.0,72.0,49.0,-7.0,73.0
2020,39,2020-09-20,2020-09-26,86,28.563928571428573,23.810595238095235,25.809702380952384,76.60708333333334,7.0,85.87708333333332,1.7598809523809524,4.753333333333337,15.809702380952384,1,1.190297619047616,1,1,-1.0,-1.8369701987210297e-16,25.53065476190476,25.419642857142858,25.490357142857142,25.169464285714284,40.80625,88.60958333333333,88.06958333333334,57.325,84.37565476190476,86.15892857142858,84.28309523809524,87.9477380952381,66.0,82.0,89.0,72.0,-16.0,77.25
2020,40,2020-09-27,2020-10-03,76,28.289107142857144,23.221547619047623,25.43166666666667,56.47083333333333,7.0,84.53928571428571,1.4868452380952382,5.067559523809521,15.431666666666668,1,1.5683333333333316,1,1,-0.992708874098054,0.1205366802553232,25.809702380952384,25.53065476190476,25.419642857142858,25.490357142857142,76.60708333333334,40.80625,88.60958333333333,88.06958333333334,85.87708333333332,84.37565476190476,86.15892857142858,84.28309523809524,86.0,66.0,82.0,89.0,20.0,80.75
2020,41,2020-10-04,2020-10-10,87,28.1414880952381,22.66720238095238,25.03946428571429,60.9625,6.958333333333333,82.32946428571428,1.5954166666666667,5.47428571428572,15.039464285714288,1,1.9605357142857116,1,1,-0.9709418174260521,0.23931566428755738,25.43166666666667,25.809702380952384,25.53065476190476,25.419642857142858,56.47083333333333,76.60708333333334,40.80625,88.60958333333333,84.53928571428571,85.87708333333332,84.37565476190476,86.15892857142858,76.0,86.0,66.0,82.0,-10.0,77.5
2020,42,2020-10-11,2020-10-17,94,29.432619047619045,23.47577380952381,26.172797619047618,76.77208333333334,7.0,81.87904761904761,1.5997023809523812,5.956845238095234,16.172797619047618,1,0.8272023809523823,1,1,-0.9350162426854148,0.35460488704253557,25.03946428571429,25.43166666666667,25.809702380952384,25.53065476190476,60.9625,56.47083333333333,76.60708333333334,40.80625,82.32946428571428,84.53928571428571,85.87708333333332,84.37565476190476,87.0,76.0,86.0,66.0,11.0,78.75
2020,43,2020-10-18,2020-10-24,83,28.50934523809524,23.21940476190476,25.521666666666665,46.54,7.0,83.99446428571429,1.5619642857142857,5.2899404761904805,15.521666666666665,1,1.4783333333333353,1,1,-0.8854560256532101,0.464723172043768,26.172797619047618,25.03946428571429,25.43166666666667,25.809702380952384,76.77208333333334,60.9625,56.47083333333333,76.60708333333334,81.87904761904761,82.32946428571428,84.53928571428571,85.87708333333332,94.0,87.0,76.0,86.0,7.0,85.75
2020,44,2020-10-25,2020-10-31,65,28.07934523809524,23.20755952380952,25.30392857142857,39.91041666666667,7.0,85.48922619047619,1.6623214285714285,4.871785714285721,15.303928571428571,1,1.696071428571429,1,0,-0.822983865893657,0.5680647467311548,25.521666666666665,26.172797619047618,25.03946428571429,25.43166666666667,46.54,76.77208333333334,60.9625,56.47083333333333,83.99446428571429,81.87904761904761,82.32946428571428,84.53928571428571,83.0,94.0,87.0,76.0,-11.0,85.0
2020,45,2020-11-01,2020-11-07,70,27.02482142857143,22.5175,24.50744047619048,101.23958333333331,7.0,85.8960119047619,3.2059523809523807,4.50732142857143,14.507440476190482,1,2.4925595238095184,1,0,-0.7485107481711011,0.6631226582407952,25.30392857142857,25.521666666666665,26.172797619047618,25.03946428571429,39.91041666666667,46.54,76.77208333333334,60.9625,85.48922619047619,83.99446428571429,81.87904761904761,82.32946428571428,65.0,83.0,94.0,87.0,-18.0,82.25
2020,46,2020-11-08,2020-11-14,72,27.863928571428573,22.501785714285717,24.772202380952383,24.725416666666664,6.875,86.8394642857143,2.0161904761904763,5.362142857142857,14.772202380952383,1,2.2277976190476174,1,0,-0.6631226582407955,0.7485107481711007,24.50744047619048,25.30392857142857,25.521666666666665,26.172797619047618,101.23958333333331,39.91041666666667,46.54,76.77208333333334,85.8960119047619,85.48922619047619,83.99446428571429,81.87904761904761,70.0,65.0,83.0,94.0,5.0,78.0
2020,47,2020-11-15,2020-11-21,52,27.67363095238095,22.28375,24.60255952380952,72.65375,7.0,85.2045238095238,2.7063095238095243,5.389880952380949,14.602559523809521,1,2.3974404761904786,1,0,-0.5680647467311559,0.8229838658936564,24.772202380952383,24.50744047619048,25.30392857142857,25.521666666666665,24.725416666666664,101.23958333333331,39.91041666666667,46.54,86.8394642857143,85.8960119047619,85.48922619047619,83.99446428571429,72.0,70.0,65.0,83.0,2.0,72.5
2020,48,2020-11-22,2020-11-28,63,28.72178571428572,22.320654761904763,25.19345238095238,27.776666666666667,6.833333333333333,82.50589285714285,1.8104761904761904,6.4011309523809565,15.19345238095238,1,1.8065476190476204,1,0,-0.4647231720437684,0.88545602565321,24.60255952380952,24.772202380952383,24.50744047619048,25.30392857142857,72.65375,24.725416666666664,101.23958333333331,39.91041666666667,85.2045238095238,86.8394642857143,85.8960119047619,85.48922619047619,52.0,72.0,70.0,65.0,-20.0,64.75
2020,49,2020-11-29,2020-12-05,42,28.39892857142857,21.430119047619048,24.563809523809525,2.8629166666666666,4.541666666666667,80.3079761904762,2.1310714285714285,6.968809523809522,14.563809523809525,1,2.4361904761904754,0,0,-0.35460488704253595,0.9350162426854147,25.19345238095238,24.60255952380952,24.772202380952383,24.50744047619048,27.776666666666667,72.65375,24.725416666666664,101.23958333333331,82.50589285714285,85.2045238095238,86.8394642857143,85.8960119047619,63.0,52.0,72.0,70.0,11.0,64.25
2020,50,2020-12-06,2020-12-12,45,27.95023809523809,19.80190476190476,23.4475,8.162916666666666,2.833333333333333,76.64297619047619,3.062559523809524,8.148333333333333,13.447500000000002,1,3.5524999999999984,0,0,-0.2393156642875578,0.970941817426052,24.563809523809525,25.19345238095238,24.60255952380952,24.772202380952383,2.8629166666666666,27.776666666666667,72.65375,24.725416666666664,80.3079761904762,82.50589285714285,85.2045238095238,86.8394642857143,42.0,63.0,52.0,72.0,-21.0,57.25
2020,51,2020-12-13,2020-12-19,43,28.73184523809524,21.097023809523808,24.614940476190476,15.133333333333333,4.625,78.22089285714286,2.002857142857143,7.634821428571431,14.614940476190476,1,2.385059523809524,1,0,-0.12053668025532363,0.992708874098054,23.4475,24.563809523809525,25.19345238095238,24.60255952380952,8.162916666666666,2.8629166666666666,27.776666666666667,72.65375,76.64297619047619,80.3079761904762,82.50589285714285,85.2045238095238,45.0,42.0,63.0,52.0,3.0,50.5
2020,52,2020-12-20,2020-12-26,32,28.677559523809524,20.355714285714285,24.101488095238096,1.1854166666666668,3.9583333333333335,77.5082738095238,3.041011904761905,8.32184523809524,14.101488095238096,1,2.8985119047619037,0,0,6.432490598706546e-16,1.0,24.614940476190476,23.4475,24.563809523809525,25.19345238095238,15.133333333333333,8.162916666666666,2.8629166666666666,27.776666666666667,78.22089285714286,76.64297619047619,80.3079761904762,82.50589285714285,43.0,45.0,42.0,63.0,-2.0,48.25
2020,53,2020-12-27,2021-01-02,0,28.16684523809524,20.17845238095238,23.736309523809524,1.4662499999999998,2.625,78.3797619047619,2.3574404761904764,7.988392857142863,13.736309523809524,1,3.263690476190476,0,0,0.12053668025532314,0.992708874098054,24.101488095238096,24.614940476190476,23.4475,24.563809523809525,1.1854166666666668,15.133333333333333,8.162916666666666,2.8629166666666666,77.5082738095238,78.22089285714286,76.64297619047619,80.3079761904762,32.0,43.0,45.0,42.0,-11.0,40.5
2021,1,2021-01-03,2021-01-09,36,28.71464285714286,20.76565476190476,24.36202380952381,2.09625,3.9583333333333335,75.62630952380952,2.069642857142857,7.9489880952381,14.362023809523809,1,2.6379761904761914,0,0,0.12053668025532305,0.992708874098054,23.736309523809524,24.101488095238096,24.614940476190476,23.4475,1.4662499999999998,1.1854166666666668,15.133333333333333,8.162916666666666,78.3797619047619,77.5082738095238,78.22089285714286,76.64297619047619,0.0,32.0,43.0,45.0,-32.0,30.0
2021,2,2021-01-10,2021-01-16,39,29.38047619047619,20.902142857142856,24.70904761904762,1.4229166666666666,3.2916666666666665,74.38291666666667,2.8698809523809525,8.478333333333335,14.70904761904762,1,2.2909523809523797,0,0,0.23931566428755774,0.970941817426052,24.36202380952381,23.736309523809524,24.101488095238096,24.614940476190476,2.09625,1.4662499999999998,1.1854166666666668,15.133333333333333,75.62630952380952,78.3797619047619,77.5082738095238,78.22089285714286,36.0,0.0,32.0,43.0,36.0,27.75
2021,3,2021-01-17,2021-01-23,46,29.67482142857143,20.8625,24.83315476190476,69.59875,6.375,74.77190476190476,2.672797619047619,8.81232142857143,14.833154761904758,1,2.1668452380952417,1,0,0.3546048870425356,0.9350162426854148,24.70904761904762,24.36202380952381,23.736309523809524,24.101488095238096,1.4229166666666666,2.09625,1.4662499999999998,1.1854166666666668,74.38291666666667,75.62630952380952,78.3797619047619,77.5082738095238,39.0,36.0,0.0,32.0,3.0,26.75
2021,4,2021-01-24,2021-01-30,61,29.354107142857146,20.62904761904762,24.59494047619048,24.093333333333334,3.875,72.99053571428571,2.646428571428572,8.725059523809527,14.59494047619048,1,2.40505952380952,1,0,0.4647231720437685,0.8854560256532099,24.83315476190476,24.70904761904762,24.36202380952381,23.736309523809524,69.59875,1.4229166666666666,2.09625,1.4662499999999998,74.77190476190476,74.38291666666667,75.62630952380952,78.3797619047619,46.0,39.0,36.0,0.0,7.0,30.25
2021,5,2021-01-31,2021-02-06,65,29.24047619047619,19.068928571428568,23.726130952380952,1.2666666666666666,1.9166666666666667,69.80619047619048,3.133392857142857,10.171547619047622,13.726130952380952,1,3.2738690476190477,0,0,0.5680647467311558,0.8229838658936564,24.59494047619048,24.83315476190476,24.70904761904762,24.36202380952381,24.093333333333334,69.59875,1.4229166666666666,2.09625,72.99053571428571,74.77190476190476,74.38291666666667,75.62630952380952,61.0,46.0,39.0,36.0,15.0,45.5
2021,6,2021-02-07,2021-02-13,44,30.318988095238097,21.236071428571428,25.282678571428573,0.0083333333333333,0.0,71.70488095238095,1.6733333333333336,9.08291666666667,15.282678571428573,1,1.7173214285714273,0,0,0.6631226582407952,0.7485107481711011,23.726130952380952,24.59494047619048,24.83315476190476,24.70904761904762,1.2666666666666666,24.093333333333334,69.59875,1.4229166666666666,69.80619047619048,72.99053571428571,74.77190476190476,74.38291666666667,65.0,61.0,46.0,39.0,4.0,52.75
2021,7,2021-02-14,2021-02-20,57,30.557261904761905,21.525357142857143,25.40690476190476,7.390000000000001,2.958333333333333,70.1985119047619,2.405059523809524,9.031904761904762,15.406904761904759,1,1.5930952380952412,0,0,0.7485107481711011,0.6631226582407953,25.282678571428573,23.726130952380952,24.59494047619048,24.83315476190476,0.0083333333333333,1.2666666666666666,24.093333333333334,69.59875,71.70488095238095,69.80619047619048,72.99053571428571,74.77190476190476,44.0,65.0,61.0,46.0,-21.0,54.0
2021,8,2021-02-21,2021-02-27,57,31.85458333333333,21.780833333333334,26.36869047619048,0.4120833333333333,1.4583333333333333,64.66404761904762,3.055119047619048,10.073749999999997,16.36869047619048,1,0.6313095238095201,0,0,0.8229838658936564,0.5680647467311559,25.40690476190476,25.282678571428573,23.726130952380952,24.59494047619048,7.390000000000001,0.0083333333333333,1.2666666666666666,24.093333333333334,70.1985119047619,71.70488095238095,69.80619047619048,72.99053571428571,57.0,44.0,65.0,61.0,13.0,56.75
2021,9,2021-02-28,2021-03-06,73,32.31315476190476,22.000833333333333,26.69470238095238,0.0541666666666666,0.0,62.202559523809526,2.0929761904761905,10.31232142857143,16.69470238095238,1,0.30529761904762154,0,0,0.8854560256532099,0.4647231720437686,26.36869047619048,25.40690476190476,25.282678571428573,23.726130952380952,0.4120833333333333,7.390000000000001,0.0083333333333333,1.2666666666666666,64.66404761904762,70.1985119047619,71.70488095238095,69.80619047619048,57.0,57.0,44.0,65.0,0.0,55.75
2021,10,2021-03-07,2021-03-13,91,32.27148809523809,22.2675,26.72255952380952,54.24,6.541666666666667,63.77934523809524,3.5354166666666664,10.003988095238093,16.72255952380952,1,0.2774404761904812,1,0,0.9350162426854148,0.35460488704253557,26.69470238095238,26.36869047619048,25.40690476190476,25.282678571428573,0.0541666666666666,0.4120833333333333,7.390000000000001,0.0083333333333333,62.202559523809526,64.66404761904762,70.1985119047619,71.70488095238095,73.0,57.0,57.0,44.0,16.0,57.75
2021,11,2021-03-14,2021-03-20,74,29.98440476190476,22.110357142857143,25.546130952380956,246.00375,7.0,74.18255952380953,2.196428571428572,7.874047619047616,15.546130952380956,1,1.453869047619044,1,0,0.970941817426052,0.23931566428755804,26.72255952380952,26.69470238095238,26.36869047619048,25.40690476190476,54.24,0.0541666666666666,0.4120833333333333,7.390000000000001,63.77934523809524,62.202559523809526,64.66404761904762,70.1985119047619,91.0,73.0,57.0,57.0,18.0,69.5
2021,12,2021-03-21,2021-03-27,65,30.15327380952381,21.34785714285714,25.32863095238095,0.5337500000000001,1.0833333333333333,73.01886904761905,2.078392857142857,8.80541666666667,15.328630952380951,1,1.6713690476190486,0,0,0.992708874098054,0.120536680255323,25.546130952380956,26.72255952380952,26.69470238095238,26.36869047619048,246.00375,54.24,0.0541666666666666,0.4120833333333333,74.18255952380953,63.77934523809524,62.202559523809526,64.66404761904762,74.0,91.0,73.0,57.0,-17.0,73.75
2021,13,2021-03-28,2021-04-03,74,32.07160714285715,22.43494047619048,26.733095238095235,1.305,3.7916666666666665,65.93267857142857,3.8127976190476183,9.636666666666667,16.733095238095235,1,0.2669047619047653,0,0,1.0,-1.6081226496766364e-16,25.32863095238095,25.546130952380956,26.72255952380952,26.69470238095238,0.5337500000000001,246.00375,54.24,0.0541666666666666,73.01886904761905,74.18255952380953,63.77934523809524,62.202559523809526,65.0,74.0,91.0,73.0,-9.0,75.75
2021,14,2021-04-04,2021-04-10,63,30.55160714285714,23.11494047619048,26.24077380952381,8.635416666666666,6.708333333333333,71.9164880952381,2.645059523809524,7.43666666666666,16.24077380952381,1,0.7592261904761912,0,0,0.992708874098054,-0.12053668025532288,26.733095238095235,25.32863095238095,25.546130952380956,26.72255952380952,1.305,0.5337500000000001,246.00375,54.24,65.93267857142857,73.01886904761905,74.18255952380953,63.77934523809524,74.0,65.0,74.0,91.0,9.0,76.0
2021,15,2021-04-11,2021-04-17,79,31.06422619047619,23.968571428571423,26.995238095238093,18.510416666666668,6.833333333333333,75.82333333333332,1.7934523809523808,7.095654761904768,16.995238095238093,1,0.004761904761906521,1,0,0.9709418174260521,-0.2393156642875575,26.24077380952381,26.733095238095235,25.32863095238095,25.546130952380956,8.635416666666666,1.305,0.5337500000000001,246.00375,71.9164880952381,65.93267857142857,73.01886904761905,74.18255952380953,63.0,74.0,65.0,74.0,-11.0,69.0
2021,16,2021-04-18,2021-04-24,81,29.89934523809524,23.740416666666665,26.36904761904762,46.79541666666666,6.0,79.14916666666666,1.6352380952380952,6.158928571428575,16.36904761904762,1,0.6309523809523796,1,0,0.9350162426854148,-0.35460488704253545,26.995238095238093,26.24077380952381,26.733095238095235,25.32863095238095,18.510416666666668,8.635416666666666,1.305,0.5337500000000001,75.82333333333332,71.9164880952381,65.93267857142857,73.01886904761905,79.0,63.0,74.0,65.0,16.0,70.25
2021,17,2021-04-25,2021-05-01,82,30.937857142857144,23.659404761904764,26.77583333333333,14.95625,4.666666666666667,73.98130952380953,1.7925000000000002,7.2784523809523805,16.77583333333333,1,0.22416666666666885,1,0,0.8854560256532099,-0.4647231720437685,26.36904761904762,26.995238095238093,26.24077380952381,26.733095238095235,46.79541666666666,18.510416666666668,8.635416666666666,1.305,79.14916666666666,75.82333333333332,71.9164880952381,65.93267857142857,81.0,79.0,63.0,74.0,2.0,74.25
2021,18,2021-05-02,2021-05-08,91,29.21785714285714,23.40178571428571,25.88125,33.27166666666667,7.0,79.07619047619048,1.824940476190476,5.81607142857143,15.881250000000001,1,1.1187499999999986,1,1,0.8229838658936565,-0.5680647467311557,26.77583333333333,26.36904761904762,26.995238095238093,26.24077380952381,14.95625,46.79541666666666,18.510416666666668,8.635416666666666,73.98130952380953,79.14916666666666,75.82333333333332,71.9164880952381,82.0,81.0,79.0,63.0,1.0,76.25
2021,19,2021-05-09,2021-05-15,100,32.415773809523806,24.35482142857143,27.99184523809524,16.256249999999998,5.875,69.40136904761904,1.935952380952381,8.060952380952376,17.99184523809524,1,0.9918452380952409,1,1,0.7485107481711013,-0.663122658240795,25.88125,26.77583333333333,26.36904761904762,26.995238095238093,33.27166666666667,14.95625,46.79541666666666,18.510416666666668,79.07619047619048,73.98130952380953,79.14916666666666,75.82333333333332,91.0,82.0,81.0,79.0,9.0,83.25
2021,20,2021-05-16,2021-05-22,137,31.444107142857145,24.154940476190475,27.32970238095238,14.452916666666669,6.125,73.85648809523809,1.8204761904761904,7.28916666666667,17.32970238095238,1,0.32970238095238,1,1,0.6631226582407952,-0.7485107481711012,27.99184523809524,25.88125,26.77583333333333,26.36904761904762,16.256249999999998,33.27166666666667,14.95625,46.79541666666666,69.40136904761904,79.07619047619048,73.98130952380953,79.14916666666666,100.0,91.0,82.0,81.0,9.0,88.5
2021,21,2021-05-23,2021-05-29,122,30.91125,24.353511904761906,27.262916666666666,124.56791666666668,7.0,75.45095238095239,1.4320238095238096,6.5577380952380935,17.262916666666666,1,0.2629166666666656,1,1,0.5680647467311558,-0.8229838658936564,27.32970238095238,27.99184523809524,25.88125,26.77583333333333,14.452916666666669,16.256249999999998,33.27166666666667,14.95625,73.85648809523809,69.40136904761904,79.07619047619048,73.98130952380953,137.0,100.0,91.0,82.0,37.0,102.5
2021,22,2021-05-30,2021-06-05,145,30.02583333333333,24.36892857142857,26.83172619047619,81.29625,7.0,79.61892857142857,1.5017261904761905,5.656904761904762,16.83172619047619,1,0.16827380952381077,1,1,0.46472317204376906,-0.8854560256532096,27.262916666666666,27.32970238095238,27.99184523809524,25.88125,124.56791666666668,14.452916666666669,16.256249999999998,33.27166666666667,75.45095238095239,73.85648809523809,69.40136904761904,79.07619047619048,122.0,137.0,100.0,91.0,-15.0,112.5
2021,23,2021-06-06,2021-06-12,190,28.64303571428572,24.185297619047617,26.04559523809524,73.4825,7.0,84.01791666666666,1.638392857142857,4.457738095238103,16.04559523809524,1,0.9544047619047618,1,1,0.35460488704253584,-0.9350162426854147,26.83172619047619,27.262916666666666,27.32970238095238,27.99184523809524,81.29625,124.56791666666668,14.452916666666669,16.256249999999998,79.61892857142857,75.45095238095239,73.85648809523809,69.40136904761904,145.0,122.0,137.0,100.0,23.0,126.0
2021,24,2021-06-13,2021-06-19,134,27.847142857142856,23.64934523809524,25.421785714285715,55.57833333333334,7.0,84.82339285714285,1.4639285714285712,4.197797619047616,15.421785714285715,1,1.5782142857142851,1,1,0.23931566428755768,-0.970941817426052,26.04559523809524,26.83172619047619,27.262916666666666,27.32970238095238,73.4825,81.29625,124.56791666666668,14.452916666666669,84.01791666666666,79.61892857142857,75.45095238095239,73.85648809523809,190.0,145.0,122.0,137.0,45.0,148.5
2021,25,2021-06-20,2021-06-26,157,28.49738095238095,23.862797619047612,25.882857142857144,84.20833333333333,7.0,84.15440476190476,1.5613690476190476,4.634583333333339,15.882857142857144,1,1.1171428571428557,1,1,0.12053668025532308,-0.992708874098054,25.421785714285715,26.04559523809524,26.83172619047619,27.262916666666666,55.57833333333334,73.4825,81.29625,124.56791666666668,84.82339285714285,84.01791666666666,79.61892857142857,75.45095238095239,134.0,190.0,145.0,122.0,-56.0,147.75
2021,26,2021-06-27,2021-07-03,148,27.999761904761908,23.37940476190476,25.474166666666665,66.35166666666667,7.0,83.95684523809524,1.3852380952380952,4.620357142857149,15.474166666666665,1,1.5258333333333347,1,1,-3.216245299353273e-16,-1.0,25.882857142857144,25.421785714285715,26.04559523809524,26.83172619047619,84.20833333333333,55.57833333333334,73.4825,81.29625,84.15440476190476,84.82339285714285,84.01791666666666,79.61892857142857,157.0,134.0,190.0,145.0,23.0,156.5
2021,27,2021-07-04,2021-07-10,138,28.63154761904762,23.758214285714285,26.05071428571429,29.16625,7.0,82.52422619047618,1.3904761904761906,4.873333333333335,16.05071428571429,1,0.9492857142857112,1,1,-0.12053668025532283,-0.992708874098054,25.474166666666665,25.882857142857144,25.421785714285715,26.04559523809524,66.35166666666667,84.20833333333333,55.57833333333334,73.4825,83.95684523809524,84.15440476190476,84.82339285714285,84.01791666666666,148.0,157.0,134.0,190.0,-9.0,157.25
2021,28,2021-07-11,2021-07-17,150,30.085119047619045,23.106964285714284,26.49083333333333,63.12708333333333,6.875,77.43345238095239,1.913333333333333,6.9781547619047615,16.49083333333333,1,0.509166666666669,1,1,-0.23931566428755743,-0.9709418174260521,26.05071428571429,25.474166666666665,25.882857142857144,25.421785714285715,29.16625,66.35166666666667,84.20833333333333,55.57833333333334,82.52422619047618,83.95684523809524,84.15440476190476,84.82339285714285,138.0,148.0,157.0,134.0,-10.0,144.25
2021,29,2021-07-18,2021-07-24,134,31.142559523809524,23.78071428571429,27.20136904761905,10.88625,6.75,75.36785714285715,2.1326785714285714,7.361845238095235,17.20136904761905,1,0.20136904761904972,1,1,-0.3546048870425356,-0.9350162426854148,26.49083333333333,26.05071428571429,25.474166666666665,25.882857142857144,63.12708333333333,29.16625,66.35166666666667,84.20833333333333,77.43345238095239,82.52422619047618,83.95684523809524,84.15440476190476,150.0,138.0,148.0,157.0,12.0,148.25
2021,30,2021-07-25,2021-07-31,115,29.34797619047619,23.662916666666664,26.291726190476197,105.92916666666666,7.0,81.33434523809524,1.6544642857142855,5.6850595238095245,16.291726190476197,1,0.7082738095238028,1,1,-0.46472317204376806,-0.8854560256532101,27.20136904761905,26.49083333333333,26.05071428571429,25.474166666666665,10.88625,63.12708333333333,29.16625,66.35166666666667,75.36785714285715,77.43345238095239,82.52422619047618,83.95684523809524,134.0,150.0,138.0,148.0,-16.0,142.5
2021,31,2021-08-01,2021-08-07,119,29.419107142857143,23.892559523809524,26.377261904761905,82.93208333333334,7.0,80.59095238095237,1.345357142857143,5.526547619047619,16.377261904761905,1,0.6227380952380948,1,1,-0.5680647467311556,-0.8229838658936565,26.291726190476197,27.20136904761905,26.49083333333333,26.05071428571429,105.92916666666666,10.88625,63.12708333333333,29.16625,81.33434523809524,75.36785714285715,77.43345238095239,82.52422619047618,115.0,134.0,150.0,138.0,-19.0,134.25
2021,32,2021-08-08,2021-08-14,133,29.39017857142857,23.667976190476192,26.22470238095238,25.5475,7.0,80.97964285714285,1.557261904761905,5.722202380952378,16.22470238095238,1,0.7752976190476204,1,1,-0.663122658240795,-0.7485107481711013,26.377261904761905,26.291726190476197,27.20136904761905,26.49083333333333,82.93208333333334,105.92916666666666,10.88625,63.12708333333333,80.59095238095237,81.33434523809524,75.36785714285715,77.43345238095239,119.0,115.0,134.0,150.0,4.0,129.5
2021,33,2021-08-15,2021-08-21,128,28.52184523809524,23.736964285714283,25.74946428571429,59.2375,7.0,85.05732142857143,1.6606547619047618,4.784880952380956,15.74946428571429,1,1.2505357142857108,1,1,-0.7485107481711011,-0.6631226582407952,26.22470238095238,26.377261904761905,26.291726190476197,27.20136904761905,25.5475,82.93208333333334,105.92916666666666,10.88625,80.97964285714285,80.59095238095237,81.33434523809524,75.36785714285715,133.0,119.0,115.0,134.0,14.0,125.25
2021,34,2021-08-22,2021-08-28,145,28.8725,23.06660714285714,25.765892857142852,85.90625,7.0,83.43035714285715,1.8067857142857144,5.805892857142858,15.765892857142852,1,1.2341071428571482,1,1,-0.8229838658936564,-0.5680647467311559,25.74946428571429,26.22470238095238,26.377261904761905,26.291726190476197,59.2375,25.5475,82.93208333333334,105.92916666666666,85.05732142857143,80.97964285714285,80.59095238095237,81.33434523809524,128.0,133.0,119.0,115.0,-5.0,123.75
2021,35,2021-08-29,2021-09-04,134,27.537738095238097,23.229880952380952,25.12470238095238,62.26500000000001,7.0,87.12767857142858,1.6621428571428571,4.307857142857145,15.124702380952382,1,1.8752976190476183,1,1,-0.8854560256532096,-0.4647231720437691,25.765892857142852,25.74946428571429,26.22470238095238,26.377261904761905,85.90625,59.2375,25.5475,82.93208333333334,83.43035714285715,85.05732142857143,80.97964285714285,80.59095238095237,145.0,128.0,133.0,119.0,17.0,131.25
2021,36,2021-09-05,2021-09-11,166,27.81625,23.867857142857144,25.51059523809524,71.1075,7.0,87.65142857142858,1.894940476190476,3.9483928571428564,15.510595238095242,1,1.4894047619047583,1,1,-0.9350162426854147,-0.3546048870425359,25.12470238095238,25.765892857142852,25.74946428571429,26.22470238095238,62.26500000000001,85.90625,59.2375,25.5475,87.12767857142858,83.43035714285715,85.05732142857143,80.97964285714285,134.0,145.0,128.0,133.0,-11.0,135.0
2021,37,2021-09-12,2021-09-18,131,28.660535714285714,23.36184523809524,25.70363095238095,28.066666666666663,7.0,83.84708333333333,1.512916666666667,5.298690476190476,15.703630952380951,1,1.2963690476190486,1,1,-0.970941817426052,-0.23931566428755774,25.51059523809524,25.12470238095238,25.765892857142852,25.74946428571429,71.1075,62.26500000000001,85.90625,59.2375,87.65142857142858,87.12767857142858,83.43035714285715,85.05732142857143,166.0,134.0,145.0,128.0,32.0,143.25
2021,38,2021-09-19,2021-09-25,111,29.20119047619048,23.592202380952383,26.11940476190476,54.8625,7.0,83.22369047619047,1.4448809523809525,5.608988095238097,16.11940476190476,1,0.8805952380952391,1,1,-0.992708874098054,-0.12053668025532357,25.70363095238095,25.51059523809524,25.12470238095238,25.765892857142852,28.066666666666663,71.1075,62.26500000000001,85.90625,83.84708333333333,87.65142857142858,87.12767857142858,83.43035714285715,131.0,166.0,134.0,145.0,-35.0,144.0
2021,39,2021-09-26,2021-10-02,145,29.185,23.498690476190475,26.06779761904762,211.23291666666668,7.0,81.66333333333333,1.4049404761904762,5.686309523809523,16.06779761904762,1,0.9322023809523792,1,1,-1.0,-1.8369701987210297e-16,26.11940476190476,25.70363095238095,25.51059523809524,25.12470238095238,54.8625,28.066666666666663,71.1075,62.26500000000001,83.22369047619047,83.84708333333333,87.65142857142858,87.12767857142858,111.0,131.0,166.0,134.0,-20.0,135.5
2021,40,2021-10-03,2021-10-09,128,29.853214285714284,23.68166666666667,26.532559523809525,33.629583333333336,7.0,80.75273809523809,1.6345833333333333,6.171547619047615,16.532559523809525,1,0.46744047619047535,1,1,-0.992708874098054,0.1205366802553232,26.06779761904762,26.11940476190476,25.70363095238095,25.51059523809524,211.23291666666668,54.8625,28.066666666666663,71.1075,81.66333333333333,83.22369047619047,83.84708333333333,87.65142857142858,145.0,111.0,131.0,166.0,34.0,138.25
2021,41,2021-10-10,2021-10-16,108,29.042380952380952,23.91875,26.14482142857143,23.979166666666668,7.0,83.18666666666667,1.3417261904761906,5.123630952380953,16.14482142857143,1,0.8551785714285707,1,1,-0.9709418174260521,0.23931566428755738,26.532559523809525,26.06779761904762,26.11940476190476,25.70363095238095,33.629583333333336,211.23291666666668,54.8625,28.066666666666663,80.75273809523809,81.66333333333333,83.22369047619047,83.84708333333333,128.0,145.0,111.0,131.0,-17.0,128.75
2021,42,2021-10-17,2021-10-23,117,28.21821428571429,23.346904761904764,25.491964285714285,90.41083333333334,7.0,83.84083333333334,1.4902380952380951,4.871309523809526,15.491964285714285,1,1.5080357142857146,1,1,-0.9350162426854148,0.35460488704253557,26.14482142857143,26.532559523809525,26.06779761904762,26.11940476190476,23.979166666666668,33.629583333333336,211.23291666666668,54.8625,83.18666666666667,80.75273809523809,81.66333333333333,83.22369047619047,108.0,128.0,145.0,111.0,-20.0,123.0
2021,43,2021-10-24,2021-10-30,121,28.391071428571426,23.673214285714284,25.652380952380952,35.47541666666667,7.0,85.28892857142857,1.6361309523809524,4.717857142857142,15.652380952380952,1,1.3476190476190482,1,1,-0.8854560256532101,0.464723172043768,25.491964285714285,26.14482142857143,26.532559523809525,26.06779761904762,90.41083333333334,23.979166666666668,33.629583333333336,211.23291666666668,83.84083333333334,83.18666666666667,80.75273809523809,81.66333333333333,117.0,108.0,128.0,145.0,9.0,124.5
2021,44,2021-10-31,2021-11-06,114,28.983690476190475,22.064166666666665,25.16619047619048,15.096666666666666,6.708333333333333,78.9227380952381,2.3523809523809525,6.91952380952381,15.16619047619048,1,1.8338095238095207,1,0,-0.822983865893657,0.5680647467311548,25.652380952380952,25.491964285714285,26.14482142857143,26.532559523809525,35.47541666666667,90.41083333333334,23.979166666666668,33.629583333333336,85.28892857142857,83.84083333333334,83.18666666666667,80.75273809523809,121.0,117.0,108.0,128.0,4.0,118.5
2021,45,2021-11-07,2021-11-13,140,28.39297619047619,21.042440476190475,24.366666666666664,98.2825,6.166666666666667,77.2325,3.004464285714286,7.350535714285716,14.366666666666664,1,2.6333333333333364,1,0,-0.7485107481711011,0.6631226582407952,25.16619047619048,25.652380952380952,25.491964285714285,26.14482142857143,15.096666666666666,35.47541666666667,90.41083333333334,23.979166666666668,78.9227380952381,85.28892857142857,83.84083333333334,83.18666666666667,114.0,121.0,117.0,108.0,-7.0,115.0
2021,46,2021-11-14,2021-11-20,141,29.21,21.778869047619043,25.17767857142857,4.045416666666667,5.791666666666667,77.51964285714286,2.712857142857142,7.431130952380958,15.177678571428569,1,1.8223214285714313,0,0,-0.6631226582407955,0.7485107481711007,24.366666666666664,25.16619047619048,25.652380952380952,25.491964285714285,98.2825,15.096666666666666,35.47541666666667,90.41083333333334,77.2325,78.9227380952381,85.28892857142857,83.84083333333334,140.0,114.0,121.0,117.0,26.0,123.0
2021,47,2021-11-21,2021-11-27,112,28.80482142857143,20.958392857142854,24.40511904761905,1.0445833333333334,2.958333333333333,76.10559523809523,3.1900595238095235,7.846428571428575,14.40511904761905,1,2.594880952380951,0,0,-0.5680647467311559,0.8229838658936564,25.17767857142857,24.366666666666664,25.16619047619048,25.652380952380952,4.045416666666667,98.2825,15.096666666666666,35.47541666666667,77.51964285714286,77.2325,78.9227380952381,85.28892857142857,141.0,140.0,114.0,121.0,1.0,129.0
2021,48,2021-11-28,2021-12-04,125,28.96494047619048,20.235119047619047,24.03375,0.4504166666666667,1.6666666666666667,74.82535714285714,3.7651785714285713,8.729821428571434,14.033750000000001,1,2.9662499999999987,0,0,-0.4647231720437684,0.88545602565321,24.40511904761905,25.17767857142857,24.366666666666664,25.16619047619048,1.0445833333333334,4.045416666666667,98.2825,15.096666666666666,76.10559523809523,77.51964285714286,77.2325,78.9227380952381,112.0,141.0,140.0,114.0,-29.0,126.75
2021,49,2021-12-05,2021-12-11,160,29.40833333333333,21.649285714285718,25.312023809523808,103.76916666666666,6.541666666666667,77.10327380952381,1.973690476190476,7.759047619047614,15.312023809523808,1,1.687976190476192,1,0,-0.35460488704253595,0.9350162426854147,24.03375,24.40511904761905,25.17767857142857,24.366666666666664,0.4504166666666667,1.0445833333333334,4.045416666666667,98.2825,74.82535714285714,76.10559523809523,77.51964285714286,77.2325,125.0,112.0,141.0,140.0,13.0,129.5
2021,50,2021-12-12,2021-12-18,154,29.07648809523809,21.27892857142857,24.898630952380955,1.7525000000000002,4.125,77.5439880952381,2.5169642857142858,7.797559523809522,14.898630952380955,1,2.1013690476190447,0,0,-0.2393156642875578,0.970941817426052,25.312023809523808,24.03375,24.40511904761905,25.17767857142857,103.76916666666666,0.4504166666666667,1.0445833333333334,4.045416666666667,77.10327380952381,74.82535714285714,76.10559523809523,77.51964285714286,160.0,125.0,112.0,141.0,35.0,134.5
2021,51,2021-12-19,2021-12-25,132,28.802559523809524,20.77577380952381,24.360297619047618,8.683333333333334,4.0,74.38059523809524,2.330892857142857,8.026785714285715,14.360297619047618,1,2.6397023809523823,0,0,-0.12053668025532363,0.992708874098054,24.898630952380955,25.312023809523808,24.03375,24.40511904761905,1.7525000000000002,103.76916666666666,0.4504166666666667,1.0445833333333334,77.5439880952381,77.10327380952381,74.82535714285714,76.10559523809523,154.0,160.0,125.0,112.0,-6.0,137.75
2021,52,2021-12-26,2022-01-01,140,29.41940476190476,21.30613095238095,24.97196428571429,0.78875,0.875,71.38434523809524,1.3657738095238097,8.113273809523811,14.97196428571429,1,2.0280357142857106,0,0,6.432490598706546e-16,1.0,24.360297619047618,24.898630952380955,25.312023809523808,24.03375,8.683333333333334,1.7525000000000002,103.76916666666666,0.4504166666666667,74.38059523809524,77.5439880952381,77.10327380952381,74.82535714285714,132.0,154.0,160.0,125.0,-22.0,142.75
2022,1,2022-01-02,2022-01-08,151,29.216011904761903,21.075892857142858,24.70755952380952,33.358333333333334,5.5,72.45035714285714,2.104047619047619,8.140119047619045,14.707559523809518,1,2.2924404761904817,1,0,0.12053668025532305,0.992708874098054,24.97196428571429,24.360297619047618,24.898630952380955,25.312023809523808,0.78875,8.683333333333334,1.7525000000000002,103.76916666666666,71.38434523809524,74.38059523809524,77.5439880952381,77.10327380952381,140.0,132.0,154.0,160.0,8.0,146.5
2022,2,2022-01-09,2022-01-15,159,29.298154761904765,20.55880952380952,24.43220238095238,1.85625,5.166666666666667,71.63238095238096,2.7619047619047623,8.739345238095247,14.43220238095238,1,2.567797619047621,0,0,0.23931566428755774,0.970941817426052,24.70755952380952,24.97196428571429,24.360297619047618,24.898630952380955,33.358333333333334,0.78875,8.683333333333334,1.7525000000000002,72.45035714285714,71.38434523809524,74.38059523809524,77.5439880952381,151.0,140.0,132.0,154.0,11.0,144.25
2022,3,2022-01-16,2022-01-22,175,30.27220238095238,20.16303571428572,24.656190476190478,0.31375,1.125,69.52553571428571,2.591309523809524,10.10916666666666,14.656190476190478,1,2.3438095238095222,0,0,0.3546048870425356,0.9350162426854148,24.43220238095238,24.70755952380952,24.97196428571429,24.360297619047618,1.85625,33.358333333333334,0.78875,8.683333333333334,71.63238095238096,72.45035714285714,71.38434523809524,74.38059523809524,159.0,151.0,140.0,132.0,8.0,145.5
2022,4,2022-01-23,2022-01-29,146,30.388928571428576,21.361904761904764,25.332916666666662,0.8220833333333334,2.208333333333333,70.01988095238096,2.153988095238095,9.027023809523811,15.332916666666662,1,1.6670833333333377,0,0,0.4647231720437685,0.8854560256532099,24.656190476190478,24.43220238095238,24.70755952380952,24.97196428571429,0.31375,1.85625,33.358333333333334,0.78875,69.52553571428571,71.63238095238096,72.45035714285714,71.38434523809524,175.0,159.0,151.0,140.0,16.0,156.25
2022,5,2022-01-30,2022-02-05,150,28.969761904761903,20.454107142857143,24.175773809523808,122.96375,6.375,73.55547619047618,2.659642857142857,8.51565476190476,14.175773809523808,1,2.8242261904761925,1,0,0.5680647467311558,0.8229838658936564,25.332916666666662,24.656190476190478,24.43220238095238,24.70755952380952,0.8220833333333334,0.31375,1.85625,33.358333333333334,70.01988095238096,69.52553571428571,71.63238095238096,72.45035714285714,146.0,175.0,159.0,151.0,-29.0,157.75
2022,6,2022-02-06,2022-02-12,173,29.86208333333333,20.297261904761907,24.59738095238095,4.660416666666667,6.333333333333333,71.61482142857143,2.707380952380952,9.564821428571424,14.597380952380949,1,2.4026190476190514,0,0,0.6631226582407952,0.7485107481711011,24.175773809523808,25.332916666666662,24.656190476190478,24.43220238095238,122.96375,0.8220833333333334,0.31375,1.85625,73.55547619047618,70.01988095238096,69.52553571428571,71.63238095238096,150.0,146.0,175.0,159.0,4.0,157.5
2022,7,2022-02-13,2022-02-19,171,30.243035714285718,21.025,25.200952380952383,15.043333333333337,3.208333333333333,69.79303571428572,3.639761904761905,9.218035714285719,15.200952380952383,1,1.7990476190476166,1,0,0.7485107481711011,0.6631226582407953,24.59738095238095,24.175773809523808,25.332916666666662,24.656190476190478,4.660416666666667,122.96375,0.8220833333333334,0.31375,71.61482142857143,73.55547619047618,70.01988095238096,69.52553571428571,173.0,150.0,146.0,175.0,23.0,161.0
2022,8,2022-02-20,2022-02-26,218,31.435714285714283,21.902976190476192,26.237559523809523,0.4916666666666666,1.25,66.58624999999999,2.6170238095238094,9.532738095238091,16.237559523809523,1,0.7624404761904771,0,0,0.8229838658936564,0.5680647467311559,25.200952380952383,24.59738095238095,24.175773809523808,25.332916666666662,15.043333333333337,4.660416666666667,122.96375,0.8220833333333334,69.79303571428572,71.61482142857143,73.55547619047618,70.01988095238096,171.0,173.0,150.0,146.0,-2.0,160.0
2022,9,2022-02-27,2022-03-05,207,31.57761904761905,21.28232142857143,25.881488095238097,34.662083333333335,5.625,63.50964285714286,3.5874404761904763,10.29529761904762,15.881488095238097,1,1.1185119047619025,1,0,0.8854560256532099,0.4647231720437686,26.237559523809523,25.200952380952383,24.59738095238095,24.175773809523808,0.4916666666666666,15.043333333333337,4.660416666666667,122.96375,66.58624999999999,69.79303571428572,71.61482142857143,73.55547619047618,218.0,171.0,173.0,150.0,47.0,178.0
2022,10,2022-03-06,2022-03-12,273,30.69380952380952,22.83160714285714,26.128690476190474,29.954166666666666,6.375,74.50291666666666,1.7977380952380952,7.862202380952379,16.128690476190474,1,0.8713095238095256,1,0,0.9350162426854148,0.35460488704253557,25.881488095238097,26.237559523809523,25.200952380952383,24.59738095238095,34.662083333333335,0.4916666666666666,15.043333333333337,4.660416666666667,63.50964285714286,66.58624999999999,69.79303571428572,71.61482142857143,207.0,218.0,171.0,173.0,-11.0,192.25
2022,11,2022-03-13,2022-03-19,357,31.493511904761903,23.14934523809524,26.941785714285714,38.596250000000005,6.875,70.45994047619048,2.2446428571428574,8.344166666666663,16.941785714285714,1,0.05821428571428555,1,0,0.970941817426052,0.23931566428755804,26.128690476190474,25.881488095238097,26.237559523809523,25.200952380952383,29.954166666666666,34.662083333333335,0.4916666666666666,15.043333333333337,74.50291666666666,63.50964285714286,66.58624999999999,69.79303571428572,273.0,207.0,218.0,171.0,66.0,217.25
2022,12,2022-03-20,2022-03-26,371,31.665714285714287,23.04059523809524,26.788988095238096,2.638333333333333,3.25,68.42952380952381,2.827559523809524,8.625119047619048,16.788988095238096,1,0.21101190476190368,0,0,0.992708874098054,0.120536680255323,26.941785714285714,26.128690476190474,25.881488095238097,26.237559523809523,38.596250000000005,29.954166666666666,34.662083333333335,0.4916666666666666,70.45994047619048,74.50291666666666,63.50964285714286,66.58624999999999,357.0,273.0,207.0,218.0,84.0,263.75
2022,13,2022-03-27,2022-04-02,402,31.99077380952381,23.48577380952381,27.20023809523809,1.145,3.0,66.8520238095238,2.2310119047619046,8.504999999999999,17.20023809523809,1,0.20023809523809177,0,0,1.0,-1.6081226496766364e-16,26.788988095238096,26.941785714285714,26.128690476190474,25.881488095238097,2.638333333333333,38.596250000000005,29.954166666666666,34.662083333333335,68.42952380952381,70.45994047619048,74.50291666666666,63.50964285714286,371.0,357.0,273.0,207.0,14.0,302.0
2022,14,2022-04-03,2022-04-09,392,31.698869047619045,24.09672619047619,27.267797619047617,10.395416666666666,6.708333333333333,71.67511904761905,2.494166666666666,7.602142857142855,17.267797619047617,1,0.26779761904761656,1,0,0.992708874098054,-0.12053668025532288,27.20023809523809,26.788988095238096,26.941785714285714,26.128690476190474,1.145,2.638333333333333,38.596250000000005,29.954166666666666,66.8520238095238,68.42952380952381,70.45994047619048,74.50291666666666,402.0,371.0,357.0,273.0,31.0,350.75
2022,15,2022-04-10,2022-04-16,432,33.28755952380953,24.36845238095238,28.237916666666667,4.572916666666667,6.416666666666667,66.30982142857142,2.2773809523809523,8.919107142857147,18.237916666666667,1,1.237916666666667,0,0,0.9709418174260521,-0.2393156642875575,27.267797619047617,27.20023809523809,26.788988095238096,26.941785714285714,10.395416666666666,1.145,2.638333333333333,38.596250000000005,71.67511904761905,66.8520238095238,68.42952380952381,70.45994047619048,392.0,402.0,371.0,357.0,-10.0,380.5
2022,16,2022-04-17,2022-04-23,515,32.84047619047619,23.50232142857143,27.645238095238096,15.375833333333333,6.75,64.76928571428572,2.0692261904761904,9.338154761904757,17.645238095238096,1,0.6452380952380956,1,0,0.9350162426854148,-0.35460488704253545,28.237916666666667,27.267797619047617,27.20023809523809,26.788988095238096,4.572916666666667,10.395416666666666,1.145,2.638333333333333,66.30982142857142,71.67511904761905,66.8520238095238,68.42952380952381,432.0,392.0,402.0,371.0,40.0,399.25
2022,17,2022-04-24,2022-04-30,547,30.709761904761905,24.004047619047626,26.805238095238096,46.36958333333334,7.0,73.59910714285715,1.8002380952380952,6.705714285714279,16.805238095238096,1,0.19476190476190425,1,0,0.8854560256532099,-0.4647231720437685,27.645238095238096,28.237916666666667,27.267797619047617,27.20023809523809,15.375833333333333,4.572916666666667,10.395416666666666,1.145,64.76928571428572,66.30982142857142,71.67511904761905,66.8520238095238,515.0,432.0,392.0,402.0,83.0,435.25
2022,18,2022-05-01,2022-05-07,604,30.468035714285715,24.43458333333333,26.969166666666663,138.53166666666667,6.875,79.1842857142857,1.590833333333333,6.033452380952387,16.969166666666663,1,0.030833333333337265,1,1,0.8229838658936565,-0.5680647467311557,26.805238095238096,27.645238095238096,28.237916666666667,27.267797619047617,46.36958333333334,15.375833333333333,4.572916666666667,10.395416666666666,73.59910714285715,64.76928571428572,66.30982142857142,71.67511904761905,547.0,515.0,432.0,392.0,32.0,471.5
2022,19,2022-05-08,2022-05-14,495,31.14761904761905,23.24345238095238,26.78238095238095,46.56041666666667,5.083333333333333,74.15672619047619,1.75625,7.904166666666669,16.78238095238095,1,0.21761904761904916,1,1,0.7485107481711013,-0.663122658240795,26.969166666666663,26.805238095238096,27.645238095238096,28.237916666666667,138.53166666666667,46.36958333333334,15.375833333333333,4.572916666666667,79.1842857142857,73.59910714285715,64.76928571428572,66.30982142857142,604.0,547.0,515.0,432.0,57.0,524.5
2022,20,2022-05-15,2022-05-21,386,30.065,23.44964285714286,26.40017857142857,15.742083333333332,5.916666666666667,75.94113095238096,1.6775595238095236,6.6153571428571425,16.40017857142857,1,0.5998214285714312,1,1,0.6631226582407952,-0.7485107481711012,26.78238095238095,26.969166666666663,26.805238095238096,27.645238095238096,46.56041666666667,138.53166666666667,46.36958333333334,15.375833333333333,74.15672619047619,79.1842857142857,73.59910714285715,64.76928571428572,495.0,604.0,547.0,515.0,-109.0,540.25
2022,21,2022-05-22,2022-05-28,587,28.268809523809523,23.674404761904764,25.567023809523807,68.48333333333333,7.0,84.50613095238096,1.899404761904762,4.594404761904759,15.567023809523807,1,1.432976190476193,1,1,0.5680647467311558,-0.8229838658936564,26.40017857142857,26.78238095238095,26.969166666666663,26.805238095238096,15.742083333333332,46.56041666666667,138.53166666666667,46.36958333333334,75.94113095238096,74.15672619047619,79.1842857142857,73.59910714285715,386.0,495.0,604.0,547.0,-109.0,508.0
2022,22,2022-05-29,2022-06-04,619,27.91517857142857,23.41863095238095,25.243869047619047,35.79083333333333,7.0,84.21107142857143,2.411666666666666,4.496547619047618,15.243869047619047,1,1.7561309523809534,1,1,0.46472317204376906,-0.8854560256532096,25.567023809523807,26.40017857142857,26.78238095238095,26.969166666666663,68.48333333333333,15.742083333333332,46.56041666666667,138.53166666666667,84.50613095238096,75.94113095238096,74.15672619047619,79.1842857142857,587.0,386.0,495.0,604.0,201.0,518.0
2022,23,2022-06-05,2022-06-11,710,27.726309523809523,23.02005952380952,25.02345238095238,91.2575,7.0,84.83910714285715,1.504107142857143,4.706250000000004,15.023452380952381,1,1.9765476190476186,1,1,0.35460488704253584,-0.9350162426854147,25.243869047619047,25.567023809523807,26.40017857142857,26.78238095238095,35.79083333333333,68.48333333333333,15.742083333333332,46.56041666666667,84.21107142857143,84.50613095238096,75.94113095238096,74.15672619047619,619.0,587.0,386.0,495.0,32.0,521.75
2022,24,2022-06-12,2022-06-18,508,27.19988095238095,22.54577380952381,24.643809523809523,110.39041666666668,7.0,84.6814880952381,2.630297619047619,4.654107142857143,14.643809523809523,1,2.356190476190477,1,1,0.23931566428755768,-0.970941817426052,25.02345238095238,25.243869047619047,25.567023809523807,26.40017857142857,91.2575,35.79083333333333,68.48333333333333,15.742083333333332,84.83910714285715,84.21107142857143,84.50613095238096,75.94113095238096,710.0,619.0,587.0,386.0,91.0,575.5
2022,25,2022-06-19,2022-06-25,537,28.22125,22.78648809523809,25.219226190476192,90.57583333333334,7.0,83.73363095238095,1.7185714285714286,5.43476190476191,15.219226190476192,1,1.780773809523808,1,1,0.12053668025532308,-0.992708874098054,24.643809523809523,25.02345238095238,25.243869047619047,25.567023809523807,110.39041666666668,91.2575,35.79083333333333,68.48333333333333,84.6814880952381,84.83910714285715,84.21107142857143,84.50613095238096,508.0,710.0,619.0,587.0,-202.0,606.0
2022,26,2022-06-26,2022-07-02,575,29.595178571428573,22.968511904761908,26.113273809523808,184.88916666666668,6.833333333333333,80.40351190476191,1.6911309523809523,6.626666666666665,16.113273809523808,1,0.8867261904761925,1,1,-3.216245299353273e-16,-1.0,25.219226190476192,24.643809523809523,25.02345238095238,25.243869047619047,90.57583333333334,110.39041666666668,91.2575,35.79083333333333,83.73363095238095,84.6814880952381,84.83910714285715,84.21107142857143,537.0,508.0,710.0,619.0,29.0,593.5
2022,27,2022-07-03,2022-07-09,521,29.804583333333337,23.381309523809524,26.404880952380957,22.569166666666664,6.875,80.66732142857143,1.8513690476190476,6.423273809523813,16.404880952380957,1,0.5951190476190433,1,1,-0.12053668025532283,-0.992708874098054,26.113273809523808,25.219226190476192,24.643809523809523,25.02345238095238,184.88916666666668,90.57583333333334,110.39041666666668,91.2575,80.40351190476191,83.73363095238095,84.6814880952381,84.83910714285715,575.0,537.0,508.0,710.0,38.0,582.5
2022,28,2022-07-10,2022-07-16,536,29.412559523809524,23.41279761904762,26.185,47.04916666666666,6.833333333333333,81.14714285714285,1.6485714285714286,5.999761904761904,16.185,1,0.8150000000000013,1,1,-0.23931566428755743,-0.9709418174260521,26.404880952380957,26.113273809523808,25.219226190476192,24.643809523809523,22.569166666666664,184.88916666666668,90.57583333333334,110.39041666666668,80.66732142857143,80.40351190476191,83.73363095238095,84.6814880952381,521.0,575.0,537.0,508.0,-54.0,535.25
2022,29,2022-07-17,2022-07-23,520,29.78934523809524,23.47714285714285,26.48785714285714,48.91833333333333,7.0,80.19369047619047,1.6511309523809523,6.312202380952389,16.48785714285714,1,0.5121428571428588,1,1,-0.3546048870425356,-0.9350162426854148,26.185,26.404880952380957,26.113273809523808,25.219226190476192,47.04916666666666,22.569166666666664,184.88916666666668,90.57583333333334,81.14714285714285,80.66732142857143,80.40351190476191,83.73363095238095,536.0,521.0,575.0,537.0,15.0,542.25
2022,30,2022-07-24,2022-07-30,513,29.102261904761903,23.300297619047623,26.05767857142857,46.18833333333333,7.0,80.96488095238095,1.2971428571428572,5.801964285714281,16.05767857142857,1,0.9423214285714288,1,1,-0.46472317204376806,-0.8854560256532101,26.48785714285714,26.185,26.404880952380957,26.113273809523808,48.91833333333333,47.04916666666666,22.569166666666664,184.88916666666668,80.19369047619047,81.14714285714285,80.66732142857143,80.40351190476191,520.0,536.0,521.0,575.0,-16.0,538.0
2022,31,2022-07-31,2022-08-06,477,29.950357142857143,23.1575,26.34869047619048,42.6925,7.0,78.0304761904762,1.9425,6.7928571428571445,16.34869047619048,1,0.6513095238095197,1,1,-0.5680647467311556,-0.8229838658936565,26.05767857142857,26.48785714285714,26.185,26.404880952380957,46.18833333333333,48.91833333333333,47.04916666666666,22.569166666666664,80.96488095238095,80.19369047619047,81.14714285714285,80.66732142857143,513.0,520.0,536.0,521.0,-7.0,522.5
2022,32,2022-08-07,2022-08-13,428,29.90404761904762,23.36839285714285,26.39482142857143,121.56083333333332,7.0,79.95880952380953,1.5895833333333331,6.53565476190477,16.39482142857143,1,0.6051785714285707,1,1,-0.663122658240795,-0.7485107481711013,26.34869047619048,26.05767857142857,26.48785714285714,26.185,42.6925,46.18833333333333,48.91833333333333,47.04916666666666,78.0304761904762,80.96488095238095,80.19369047619047,81.14714285714285,477.0,513.0,520.0,536.0,-36.0,511.5
2022,33,2022-08-14,2022-08-20,447,28.722261904761904,23.788809523809523,26.050238095238097,59.66333333333333,6.708333333333333,81.95613095238095,1.3116666666666668,4.933452380952382,16.050238095238097,1,0.9497619047619033,1,1,-0.7485107481711011,-0.6631226582407952,26.39482142857143,26.34869047619048,26.05767857142857,26.48785714285714,121.56083333333332,42.6925,46.18833333333333,48.91833333333333,79.95880952380953,78.0304761904762,80.96488095238095,80.19369047619047,428.0,477.0,513.0,520.0,-49.0,484.5
2022,34,2022-08-21,2022-08-27,353,28.48005952380953,23.541666666666668,25.78732142857143,91.24,7.0,84.16779761904762,1.496607142857143,4.938392857142862,15.787321428571431,1,1.2126785714285688,1,1,-0.8229838658936564,-0.5680647467311559,26.050238095238097,26.39482142857143,26.34869047619048,26.05767857142857,59.66333333333333,121.56083333333332,42.6925,46.18833333333333,81.95613095238095,79.95880952380953,78.0304761904762,80.96488095238095,447.0,428.0,477.0,513.0,19.0,466.25
2022,35,2022-08-28,2022-09-03,333,27.578571428571426,23.51125,25.21892857142857,95.89583333333331,7.0,86.81041666666665,1.655654761904762,4.067321428571425,15.21892857142857,1,1.7810714285714297,1,1,-0.8854560256532096,-0.4647231720437691,25.78732142857143,26.050238095238097,26.39482142857143,26.34869047619048,91.24,59.66333333333333,121.56083333333332,42.6925,84.16779761904762,81.95613095238095,79.95880952380953,78.0304761904762,353.0,447.0,428.0,477.0,-94.0,426.25
2022,36,2022-09-04,2022-09-10,337,28.64863095238095,23.813035714285714,25.854345238095235,52.04874999999999,7.0,84.67589285714286,1.278392857142857,4.835595238095237,15.854345238095235,1,1.1456547619047655,1,1,-0.9350162426854147,-0.3546048870425359,25.21892857142857,25.78732142857143,26.050238095238097,26.39482142857143,95.89583333333331,91.24,59.66333333333333,121.56083333333332,86.81041666666665,84.16779761904762,81.95613095238095,79.95880952380953,333.0,353.0,447.0,428.0,-20.0,390.25
2022,37,2022-09-11,2022-09-17,267,28.23642857142857,23.14244047619048,25.31773809523809,93.22666666666667,7.0,85.71089285714287,1.7517857142857145,5.093988095238089,15.317738095238091,1,1.6822619047619085,1,1,-0.970941817426052,-0.23931566428755774,25.854345238095235,25.21892857142857,25.78732142857143,26.050238095238097,52.04874999999999,95.89583333333331,91.24,59.66333333333333,84.67589285714286,86.81041666666665,84.16779761904762,81.95613095238095,337.0,333.0,353.0,447.0,4.0,367.5
2022,38,2022-09-18,2022-09-24,224,27.43267857142857,23.129940476190477,24.90535714285714,103.11666666666667,7.0,87.35190476190475,1.667797619047619,4.3027380952380945,14.905357142857142,1,2.0946428571428584,1,1,-0.992708874098054,-0.12053668025532357,25.31773809523809,25.854345238095235,25.21892857142857,25.78732142857143,93.22666666666667,52.04874999999999,95.89583333333331,91.24,85.71089285714287,84.67589285714286,86.81041666666665,84.16779761904762,267.0,337.0,333.0,353.0,-70.0,322.5
2022,39,2022-09-25,2022-10-01,186,28.09815476190476,22.936071428571427,25.090892857142855,54.48208333333333,7.0,85.17077380952381,1.7210714285714286,5.162083333333332,15.090892857142855,1,1.9091071428571453,1,1,-1.0,-1.8369701987210297e-16,24.90535714285714,25.31773809523809,25.854345238095235,25.21892857142857,103.11666666666667,93.22666666666667,52.04874999999999,95.89583333333331,87.35190476190475,85.71089285714287,84.67589285714286,86.81041666666665,224.0,267.0,337.0,333.0,-43.0,290.25
2022,40,2022-10-02,2022-10-08,242,29.17047619047619,22.711250000000003,25.5922619047619,15.960416666666664,6.75,81.07958333333333,1.913392857142857,6.459226190476187,15.592261904761902,1,1.4077380952380985,1,1,-0.992708874098054,0.1205366802553232,25.090892857142855,24.90535714285714,25.31773809523809,25.854345238095235,54.48208333333333,103.11666666666667,93.22666666666667,52.04874999999999,85.17077380952381,87.35190476190475,85.71089285714287,84.67589285714286,186.0,224.0,267.0,337.0,-38.0,253.5
2022,41,2022-10-09,2022-10-15,175,27.881785714285712,23.16452380952381,25.22196428571429,140.92291666666668,7.0,86.39946428571427,2.4192261904761905,4.7172619047619015,15.22196428571429,1,1.7780357142857106,1,1,-0.9709418174260521,0.23931566428755738,25.5922619047619,25.090892857142855,24.90535714285714,25.31773809523809,15.960416666666664,54.48208333333333,103.11666666666667,93.22666666666667,81.07958333333333,85.17077380952381,87.35190476190475,85.71089285714287,242.0,186.0,224.0,267.0,56.0,229.75
2022,42,2022-10-16,2022-10-22,193,28.427916666666665,23.2075,25.426309523809525,51.66833333333333,7.0,86.02226190476192,1.835595238095238,5.220416666666665,15.426309523809525,1,1.5736904761904746,1,1,-0.9350162426854148,0.35460488704253557,25.22196428571429,25.5922619047619,25.090892857142855,24.90535714285714,140.92291666666668,15.960416666666664,54.48208333333333,103.11666666666667,86.39946428571427,81.07958333333333,85.17077380952381,87.35190476190475,175.0,242.0,186.0,224.0,-67.0,206.75
2022,43,2022-10-23,2022-10-29,184,29.054642857142856,22.711964285714288,25.58744047619048,3.22875,5.625,81.14321428571428,1.501845238095238,6.342678571428568,15.58744047619048,1,1.41255952380952,0,1,-0.8854560256532101,0.464723172043768,25.426309523809525,25.22196428571429,25.5922619047619,25.090892857142855,51.66833333333333,140.92291666666668,15.960416666666664,54.48208333333333,86.02226190476192,86.39946428571427,81.07958333333333,85.17077380952381,193.0,175.0,242.0,186.0,18.0,199.0
2022,44,2022-10-30,2022-11-05,157,28.52065476190476,22.67571428571429,25.252202380952383,20.65375,6.125,82.61874999999999,1.6114285714285712,5.8449404761904695,15.252202380952383,1,1.747797619047617,1,0,-0.822983865893657,0.5680647467311548,25.58744047619048,25.426309523809525,25.22196428571429,25.5922619047619,3.22875,51.66833333333333,140.92291666666668,15.960416666666664,81.14321428571428,86.02226190476192,86.39946428571427,81.07958333333333,184.0,193.0,175.0,242.0,-9.0,198.5
2022,45,2022-11-06,2022-11-12,146,28.317678571428573,22.05815476190476,24.88559523809524,16.555416666666666,6.583333333333333,82.66666666666667,1.5736309523809524,6.259523809523813,14.885595238095242,1,2.1144047619047583,1,0,-0.7485107481711011,0.6631226582407952,25.252202380952383,25.58744047619048,25.426309523809525,25.22196428571429,20.65375,3.22875,51.66833333333333,140.92291666666668,82.61874999999999,81.14321428571428,86.02226190476192,86.39946428571427,157.0,184.0,193.0,175.0,-27.0,177.25
2022,46,2022-11-13,2022-11-19,94,29.76184523809524,22.58529761904762,25.80392857142857,6.2995833333333335,6.875,79.38047619047619,2.2948809523809524,7.176547619047621,15.803928571428571,1,1.196071428571429,0,0,-0.6631226582407955,0.7485107481711007,24.88559523809524,25.252202380952383,25.58744047619048,25.426309523809525,16.555416666666666,20.65375,3.22875,51.66833333333333,82.66666666666667,82.61874999999999,81.14321428571428,86.02226190476192,146.0,157.0,184.0,193.0,-11.0,170.0
2022,47,2022-11-20,2022-11-26,66,28.74886904761905,22.053809523809523,24.986607142857142,4.635416666666667,6.0,78.25035714285714,2.148630952380952,6.695059523809526,14.986607142857142,1,2.0133928571428577,0,0,-0.5680647467311559,0.8229838658936564,25.80392857142857,24.88559523809524,25.252202380952383,25.58744047619048,6.2995833333333335,16.555416666666666,20.65375,3.22875,79.38047619047619,82.66666666666667,82.61874999999999,81.14321428571428,94.0,146.0,157.0,184.0,-52.0,145.25
2022,48,2022-11-27,2022-12-03,66,28.328333333333333,22.005119047619047,24.83125,161.93791666666667,5.875,80.93190476190476,1.9167857142857143,6.323214285714286,14.83125,1,2.1687499999999993,1,0,-0.4647231720437684,0.88545602565321,24.986607142857142,25.80392857142857,24.88559523809524,25.252202380952383,4.635416666666667,6.2995833333333335,16.555416666666666,20.65375,78.25035714285714,79.38047619047619,82.66666666666667,82.61874999999999,66.0,94.0,146.0,157.0,-28.0,115.75
2022,49,2022-12-04,2022-12-10,76,28.236369047619046,20.199166666666667,23.828928571428573,1.5591666666666668,2.875,77.55845238095237,2.784464285714286,8.03720238095238,13.828928571428573,1,3.1710714285714268,0,0,-0.35460488704253595,0.9350162426854147,24.83125,24.986607142857142,25.80392857142857,24.88559523809524,161.93791666666667,4.635416666666667,6.2995833333333335,16.555416666666666,80.93190476190476,78.25035714285714,79.38047619047619,82.66666666666667,66.0,66.0,94.0,146.0,0.0,93.0
2022,50,2022-12-11,2022-12-17,50,28.31279761904762,20.42202380952381,24.23684523809524,0.0954166666666666,0.125,76.23845238095238,1.5817857142857144,7.890773809523807,14.236845238095238,1,2.7631547619047616,0,0,-0.2393156642875578,0.970941817426052,23.828928571428573,24.83125,24.986607142857142,25.80392857142857,1.5591666666666668,161.93791666666667,4.635416666666667,6.2995833333333335,77.55845238095237,80.93190476190476,78.25035714285714,79.38047619047619,76.0,66.0,66.0,94.0,10.0,75.5
2022,51,2022-12-18,2022-12-24,0,28.68285714285714,20.65934523809524,24.317916666666665,0.2258333333333333,0.375,76.48488095238095,2.4129761904761904,8.0235119047619,14.317916666666665,1,2.6820833333333347,0,0,-0.12053668025532363,0.992708874098054,24.23684523809524,23.828928571428573,24.83125,24.986607142857142,0.0954166666666666,1.5591666666666668,161.93791666666667,4.635416666666667,76.23845238095238,77.55845238095237,80.93190476190476,78.25035714285714,50.0,76.0,66.0,66.0,-26.0,64.5
2022,52,2022-12-25,2022-12-31,91,28.516904761904765,20.370892857142856,24.021666666666665,0.7320833333333333,2.375,75.18708333333333,3.0655952380952383,8.14601190476191,14.021666666666665,1,2.9783333333333353,0,0,6.432490598706546e-16,1.0,24.317916666666665,24.23684523809524,23.828928571428573,24.83125,0.2258333333333333,0.0954166666666666,1.5591666666666668,161.93791666666667,76.48488095238095,76.23845238095238,77.55845238095237,80.93190476190476,0.0,50.0,76.0,66.0,-50.0,48.0
2023,1,2023-01-01,2023-01-07,61,29.605952380952377,21.042857142857144,24.92517857142857,6.810833333333334,2.1666666666666665,73.59583333333333,2.0931547619047617,8.563095238095233,14.925178571428571,1,2.074821428571429,0,0,0.12053668025532305,0.992708874098054,24.021666666666665,24.317916666666665,24.23684523809524,23.828928571428573,0.7320833333333333,0.2258333333333333,0.0954166666666666,1.5591666666666668,75.18708333333333,76.48488095238095,76.23845238095238,77.55845238095237,91.0,0.0,50.0,76.0,91.0,54.25
2023,2,2023-01-08,2023-01-14,69,28.921011904761908,21.049702380952382,24.60494047619048,86.82,5.583333333333333,74.39244047619049,2.932916666666667,7.871309523809526,14.604940476190482,1,2.3950595238095183,1,0,0.23931566428755774,0.970941817426052,24.92517857142857,24.021666666666665,24.317916666666665,24.23684523809524,6.810833333333334,0.7320833333333333,0.2258333333333333,0.0954166666666666,73.59583333333333,75.18708333333333,76.48488095238095,76.23845238095238,61.0,91.0,0.0,50.0,-30.0,50.5
2023,3,2023-01-15,2023-01-21,79,28.954166666666666,19.92559523809524,23.988690476190477,0.0,0.0,72.5822619047619,1.8758333333333332,9.028571428571425,13.988690476190477,1,3.0113095238095227,0,0,0.3546048870425356,0.9350162426854148,24.60494047619048,24.92517857142857,24.021666666666665,24.317916666666665,86.82,6.810833333333334,0.7320833333333333,0.2258333333333333,74.39244047619049,73.59583333333333,75.18708333333333,76.48488095238095,69.0,61.0,91.0,0.0,8.0,55.25
2023,4,2023-01-22,2023-01-28,83,30.263452380952383,20.931607142857143,25.15863095238095,0.2820833333333333,1.0416666666666667,68.09720238095238,2.681488095238095,9.33184523809524,15.15863095238095,1,1.8413690476190503,0,0,0.4647231720437685,0.8854560256532099,23.988690476190477,24.60494047619048,24.92517857142857,24.021666666666665,0.0,86.82,6.810833333333334,0.7320833333333333,72.5822619047619,74.39244047619049,73.59583333333333,75.18708333333333,79.0,69.0,61.0,91.0,10.0,75.0
2023,5,2023-01-29,2023-02-04,89,30.872261904761903,20.69297619047619,25.44982142857143,0.0775,0.3333333333333333,66.91660714285715,2.974047619047619,10.179285714285712,15.449821428571429,1,1.550178571428571,0,0,0.5680647467311558,0.8229838658936564,25.15863095238095,23.988690476190477,24.60494047619048,24.92517857142857,0.2820833333333333,0.0,86.82,6.810833333333334,68.09720238095238,72.5822619047619,74.39244047619049,73.59583333333333,83.0,79.0,69.0,61.0,4.0,73.0
2023,6,2023-02-05,2023-02-11,87,31.496666666666663,21.47815476190476,26.060357142857143,0.1208333333333333,0.2916666666666667,65.62755952380952,2.874107142857143,10.018511904761901,16.060357142857143,1,0.9396428571428572,0,0,0.6631226582407952,0.7485107481711011,25.44982142857143,25.15863095238095,23.988690476190477,24.60494047619048,0.0775,0.2820833333333333,0.0,86.82,66.91660714285715,68.09720238095238,72.5822619047619,74.39244047619049,89.0,83.0,79.0,69.0,6.0,80.0
2023,7,2023-02-12,2023-02-18,98,31.38863095238095,21.359821428571426,25.880476190476188,0.44125,1.0833333333333333,64.97005952380952,3.326190476190476,10.028809523809525,15.880476190476188,1,1.1195238095238125,0,0,0.7485107481711011,0.6631226582407953,26.060357142857143,25.44982142857143,25.15863095238095,23.988690476190477,0.1208333333333333,0.0775,0.2820833333333333,0.0,65.62755952380952,66.91660714285715,68.09720238095238,72.5822619047619,87.0,89.0,83.0,79.0,-2.0,84.5
2023,8,2023-02-19,2023-02-25,94,32.09357142857143,21.706190476190475,26.428809523809523,0.0820833333333333,0.2916666666666667,61.67678571428571,2.910119047619048,10.387380952380955,16.428809523809523,1,0.5711904761904769,0,0,0.8229838658936564,0.5680647467311559,25.880476190476188,26.060357142857143,25.44982142857143,25.15863095238095,0.44125,0.1208333333333333,0.0775,0.2820833333333333,64.97005952380952,65.62755952380952,66.91660714285715,68.09720238095238,98.0,87.0,89.0,83.0,11.0,89.25
2023,9,2023-02-26,2023-03-04,70,31.99589285714286,22.057380952380957,26.37761904761905,0.0,0.0,67.32589285714286,2.1101785714285715,9.938511904761903,16.37761904761905,1,0.6223809523809507,0,0,0.8854560256532099,0.4647231720437686,26.428809523809523,25.880476190476188,26.060357142857143,25.44982142857143,0.0820833333333333,0.44125,0.1208333333333333,0.0775,61.67678571428571,64.97005952380952,65.62755952380952,66.91660714285715,94.0,98.0,87.0,89.0,-4.0,92.0
2023,10,2023-03-05,2023-03-11,112,31.43005952380952,22.886011904761904,26.58946428571429,0.7000000000000001,2.75,64.52113095238094,1.9611309523809524,8.544047619047614,16.58946428571429,1,0.4105357142857109,0,0,0.9350162426854148,0.35460488704253557,26.37761904761905,26.428809523809523,25.880476190476188,26.060357142857143,0.0,0.0820833333333333,0.44125,0.1208333333333333,67.32589285714286,61.67678571428571,64.97005952380952,65.62755952380952,70.0,94.0,98.0,87.0,-24.0,87.25
2023,11,2023-03-12,2023-03-18,107,31.93494047619048,23.12029761904762,26.78803571428572,11.11625,6.833333333333333,70.00273809523809,1.9085714285714284,8.81464285714286,16.78803571428572,1,0.21196428571428072,1,0,0.970941817426052,0.23931566428755804,26.58946428571429,26.37761904761905,26.428809523809523,25.880476190476188,0.7000000000000001,0.0,0.0820833333333333,0.44125,64.52113095238094,67.32589285714286,61.67678571428571,64.97005952380952,112.0,70.0,94.0,98.0,42.0,93.5
2023,12,2023-03-19,2023-03-25,90,32.793035714285715,23.75523809523809,27.69440476190476,3.255416666666666,3.5416666666666665,61.79767857142858,2.5251190476190475,9.037797619047623,17.69440476190476,1,0.6944047619047602,0,0,0.992708874098054,0.120536680255323,26.78803571428572,26.58946428571429,26.37761904761905,26.428809523809523,11.11625,0.7000000000000001,0.0,0.0820833333333333,70.00273809523809,64.52113095238094,67.32589285714286,61.67678571428571,107.0,112.0,70.0,94.0,-5.0,95.75
2023,13,2023-03-26,2023-04-01,199,34.120714285714286,23.72208333333333,28.35047619047619,0.0025,0.0,55.86672619047619,2.2117857142857145,10.398630952380955,18.35047619047619,1,1.35047619047619,0,0,1.0,-1.6081226496766364e-16,27.69440476190476,26.78803571428572,26.58946428571429,26.37761904761905,3.255416666666666,11.11625,0.7000000000000001,0.0,61.79767857142858,70.00273809523809,64.52113095238094,67.32589285714286,90.0,107.0,112.0,70.0,-17.0,94.75
2023,14,2023-04-02,2023-04-08,101,34.309761904761906,23.767857142857142,28.416666666666668,0.0,0.0,56.15678571428572,2.2435714285714288,10.541904761904764,18.416666666666668,1,1.4166666666666679,0,0,0.992708874098054,-0.12053668025532288,28.35047619047619,27.69440476190476,26.78803571428572,26.58946428571429,0.0025,3.255416666666666,11.11625,0.7000000000000001,55.86672619047619,61.79767857142858,70.00273809523809,64.52113095238094,199.0,90.0,107.0,112.0,109.0,127.0
2023,15,2023-04-09,2023-04-15,34,34.34404761904762,24.06720238095238,28.724880952380957,1.2575,2.458333333333333,55.51220238095238,2.4848214285714287,10.276845238095241,18.724880952380957,1,1.724880952380957,0,0,0.9709418174260521,-0.2393156642875575,28.416666666666668,28.35047619047619,27.69440476190476,26.78803571428572,0.0,0.0025,3.255416666666666,11.11625,56.15678571428572,55.86672619047619,61.79767857142858,70.00273809523809,101.0,199.0,90.0,107.0,-98.0,124.25
2023,16,2023-04-16,2023-04-22,118,32.32482142857143,24.73392857142857,27.93267857142857,20.412916666666664,7.0,68.58749999999999,2.210654761904762,7.590892857142862,17.93267857142857,1,0.9326785714285712,1,0,0.9350162426854148,-0.35460488704253545,28.724880952380957,28.416666666666668,28.35047619047619,27.69440476190476,1.2575,0.0,0.0025,3.255416666666666,55.51220238095238,56.15678571428572,55.86672619047619,61.79767857142858,34.0,101.0,199.0,90.0,-67.0,106.0
2023,17,2023-04-23,2023-04-29,104,30.88714285714286,24.803988095238097,27.183333333333334,15.877916666666666,6.875,76.26571428571428,2.15125,6.083154761904762,17.183333333333334,1,0.18333333333333357,1,0,0.8854560256532099,-0.4647231720437685,27.93267857142857,28.724880952380957,28.416666666666668,28.35047619047619,20.412916666666664,1.2575,0.0,0.0025,68.58749999999999,55.51220238095238,56.15678571428572,55.86672619047619,118.0,34.0,101.0,199.0,84.0,113.0
2023,18,2023-04-30,2023-05-06,137,33.20791666666667,25.160119047619048,28.691011904761904,20.91875,5.458333333333333,66.28321428571428,1.702440476190476,8.047797619047621,18.691011904761904,1,1.691011904761904,1,1,0.8229838658936565,-0.5680647467311557,27.183333333333334,27.93267857142857,28.724880952380957,28.416666666666668,15.877916666666666,20.412916666666664,1.2575,0.0,76.26571428571428,68.58749999999999,55.51220238095238,56.15678571428572,104.0,118.0,34.0,101.0,-14.0,89.25
2023,19,2023-05-07,2023-05-13,99,32.89142857142857,25.21482142857143,28.46434523809524,19.477916666666665,5.5,69.50958333333334,1.9301190476190475,7.67660714285714,18.46434523809524,1,1.464345238095241,1,1,0.7485107481711013,-0.663122658240795,28.691011904761904,27.183333333333334,27.93267857142857,28.724880952380957,20.91875,15.877916666666666,20.412916666666664,1.2575,66.28321428571428,76.26571428571428,68.58749999999999,55.51220238095238,137.0,104.0,118.0,34.0,33.0,98.25
2023,20,2023-05-14,2023-05-20,142,33.861488095238094,25.37833333333333,29.11744047619048,4.740833333333334,5.416666666666667,65.7452380952381,1.886845238095238,8.483154761904764,19.11744047619048,1,2.117440476190481,0,1,0.6631226582407952,-0.7485107481711012,28.46434523809524,28.691011904761904,27.183333333333334,27.93267857142857,19.477916666666665,20.91875,15.877916666666666,20.412916666666664,69.50958333333334,66.28321428571428,76.26571428571428,68.58749999999999,99.0,137.0,104.0,118.0,-38.0,114.5
2023,21,2023-05-21,2023-05-27,138,33.687083333333334,25.288452380952386,28.7725,21.887083333333333,3.875,66.59904761904762,1.953809523809524,8.398630952380948,18.7725,1,1.7725000000000009,1,1,0.5680647467311558,-0.8229838658936564,29.11744047619048,28.46434523809524,28.691011904761904,27.183333333333334,4.740833333333334,19.477916666666665,20.91875,15.877916666666666,65.7452380952381,69.50958333333334,66.28321428571428,76.26571428571428,142.0,99.0,137.0,104.0,43.0,120.5
2023,22,2023-05-28,2023-06-03,124,30.499107142857145,24.636488095238093,27.070833333333336,47.35208333333333,6.958333333333333,77.76244047619048,1.79,5.862619047619052,17.070833333333336,1,0.07083333333333641,1,1,0.46472317204376906,-0.8854560256532096,28.7725,29.11744047619048,28.46434523809524,28.691011904761904,21.887083333333333,4.740833333333334,19.477916666666665,20.91875,66.59904761904762,65.7452380952381,69.50958333333334,66.28321428571428,138.0,142.0,99.0,137.0,-4.0,129.0
2023,23,2023-06-04,2023-06-10,144,30.074583333333333,24.636369047619045,26.863928571428573,25.264166666666668,7.0,80.00065476190476,1.7162499999999998,5.438214285714288,16.863928571428573,1,0.13607142857142662,1,1,0.35460488704253584,-0.9350162426854147,27.070833333333336,28.7725,29.11744047619048,28.46434523809524,47.35208333333333,21.887083333333333,4.740833333333334,19.477916666666665,77.76244047619048,66.59904761904762,65.7452380952381,69.50958333333334,124.0,138.0,142.0,99.0,-14.0,125.75
2023,24,2023-06-11,2023-06-17,142,32.441607142857144,24.84821428571429,28.080535714285716,28.9075,7.0,74.58589285714287,1.7402380952380951,7.593392857142856,18.080535714285716,1,1.0805357142857162,1,1,0.23931566428755768,-0.970941817426052,26.863928571428573,27.070833333333336,28.7725,29.11744047619048,25.264166666666668,47.35208333333333,21.887083333333333,4.740833333333334,80.00065476190476,77.76244047619048,66.59904761904762,65.7452380952381,144.0,124.0,138.0,142.0,20.0,137.0
2023,25,2023-06-18,2023-06-24,178,31.29255952380953,24.80107142857143,27.626607142857143,65.37666666666667,7.0,73.85196428571429,1.4698809523809524,6.4914880952381,17.626607142857143,1,0.6266071428571429,1,1,0.12053668025532308,-0.992708874098054,28.080535714285716,26.863928571428573,27.070833333333336,28.7725,28.9075,25.264166666666668,47.35208333333333,21.887083333333333,74.58589285714287,80.00065476190476,77.76244047619048,66.59904761904762,142.0,144.0,124.0,138.0,-2.0,137.0
2023,26,2023-06-25,2023-07-01,139,31.239285714285717,24.469821428571432,27.56934523809524,46.967083333333335,7.0,75.20547619047619,1.6048809523809524,6.769464285714285,17.56934523809524,1,0.5693452380952415,1,1,-3.216245299353273e-16,-1.0,27.626607142857143,28.080535714285716,26.863928571428573,27.070833333333336,65.37666666666667,28.9075,25.264166666666668,47.35208333333333,73.85196428571429,74.58589285714287,80.00065476190476,77.76244047619048,178.0,142.0,144.0,124.0,36.0,147.0
2023,27,2023-07-02,2023-07-08,147,30.222619047619048,24.41154761904762,26.92422619047619,60.44416666666667,7.0,79.49702380952381,1.564285714285714,5.811071428571427,16.92422619047619,1,0.07577380952380963,1,1,-0.12053668025532283,-0.992708874098054,27.56934523809524,27.626607142857143,28.080535714285716,26.863928571428573,46.967083333333335,65.37666666666667,28.9075,25.264166666666668,75.20547619047619,73.85196428571429,74.58589285714287,80.00065476190476,139.0,178.0,142.0,144.0,-39.0,150.75
2023,28,2023-07-09,2023-07-15,158,31.66952380952381,24.49553571428571,27.90595238095238,18.61125,7.0,74.12154761904762,1.7389880952380954,7.173988095238098,17.90595238095238,1,0.9059523809523817,1,1,-0.23931566428755743,-0.9709418174260521,26.92422619047619,27.56934523809524,27.626607142857143,28.080535714285716,60.44416666666667,46.967083333333335,65.37666666666667,28.9075,79.49702380952381,75.20547619047619,73.85196428571429,74.58589285714287,147.0,139.0,178.0,142.0,8.0,151.5
2023,29,2023-07-16,2023-07-22,172,32.34172619047619,24.80279761904762,28.34119047619048,18.39625,6.708333333333333,70.89083333333333,2.017797619047619,7.538928571428567,18.34119047619048,1,1.34119047619048,1,1,-0.3546048870425356,-0.9350162426854148,27.90595238095238,26.92422619047619,27.56934523809524,27.626607142857143,18.61125,60.44416666666667,46.967083333333335,65.37666666666667,74.12154761904762,79.49702380952381,75.20547619047619,73.85196428571429,158.0,147.0,139.0,178.0,11.0,155.5
2023,30,2023-07-23,2023-07-29,0,32.55005952380952,25.019583333333333,28.322916666666668,42.682500000000005,6.708333333333333,71.75148809523809,1.79875,7.53047619047619,18.322916666666668,1,1.3229166666666679,1,1,-0.46472317204376806,-0.8854560256532101,28.34119047619048,27.90595238095238,26.92422619047619,27.56934523809524,18.39625,18.61125,60.44416666666667,46.967083333333335,70.89083333333333,74.12154761904762,79.49702380952381,75.20547619047619,172.0,158.0,147.0,139.0,14.0,154.0
2023,31,2023-07-30,2023-08-05,281,31.78392857142857,24.738630952380955,28.004880952380955,52.80833333333334,7.0,75.69577380952381,1.534702380952381,7.045297619047616,18.004880952380955,1,1.0048809523809545,1,1,-0.5680647467311556,-0.8229838658936565,28.322916666666668,28.34119047619048,27.90595238095238,26.92422619047619,42.682500000000005,18.39625,18.61125,60.44416666666667,71.75148809523809,70.89083333333333,74.12154761904762,79.49702380952381,0.0,172.0,158.0,147.0,-172.0,119.25
2023,32,2023-08-06,2023-08-12,152,31.864523809523806,25.29672619047619,28.30702380952381,16.169166666666666,7.0,75.42297619047619,1.5108928571428573,6.567797619047617,18.30702380952381,1,1.307023809523809,1,1,-0.663122658240795,-0.7485107481711013,28.004880952380955,28.322916666666668,28.34119047619048,27.90595238095238,52.80833333333334,42.682500000000005,18.39625,18.61125,75.69577380952381,71.75148809523809,70.89083333333333,74.12154761904762,281.0,0.0,172.0,158.0,281.0,152.75
2023,33,2023-08-13,2023-08-19,95,31.87684523809524,24.43369047619048,27.868333333333336,53.403333333333336,6.875,72.70970238095238,1.841547619047619,7.443154761904758,17.868333333333336,1,0.8683333333333358,1,1,-0.7485107481711011,-0.6631226582407952,28.30702380952381,28.004880952380955,28.322916666666668,28.34119047619048,16.169166666666666,52.80833333333334,42.682500000000005,18.39625,75.42297619047619,75.69577380952381,71.75148809523809,70.89083333333333,152.0,281.0,0.0,172.0,-129.0,151.25
2023,34,2023-08-20,2023-08-26,110,29.70833333333333,24.437976190476192,26.615892857142857,63.09333333333333,7.0,81.30363095238096,1.4660714285714285,5.2703571428571365,16.615892857142857,1,0.3841071428571432,1,1,-0.8229838658936564,-0.5680647467311559,27.868333333333336,28.30702380952381,28.004880952380955,28.322916666666668,53.403333333333336,16.169166666666666,52.80833333333334,42.682500000000005,72.70970238095238,75.42297619047619,75.69577380952381,71.75148809523809,95.0,152.0,281.0,0.0,-57.0,132.0
2023,35,2023-08-27,2023-09-02,115,30.503452380952385,24.573035714285712,27.24357142857143,32.68666666666667,6.625,79.97958333333334,1.5785119047619045,5.930416666666673,17.24357142857143,1,0.24357142857142833,1,1,-0.8854560256532096,-0.4647231720437691,26.615892857142857,27.868333333333336,28.30702380952381,28.004880952380955,63.09333333333333,53.403333333333336,16.169166666666666,52.80833333333334,81.30363095238096,72.70970238095238,75.42297619047619,75.69577380952381,110.0,95.0,152.0,281.0,15.0,159.5
2023,36,2023-09-03,2023-09-09,95,31.50761904761905,24.51130952380953,27.72755952380952,61.102916666666665,7.0,75.21755952380953,1.403333333333333,6.9963095238095185,17.72755952380952,1,0.7275595238095214,1,1,-0.9350162426854147,-0.3546048870425359,27.24357142857143,26.615892857142857,27.868333333333336,28.30702380952381,32.68666666666667,63.09333333333333,53.403333333333336,16.169166666666666,79.97958333333334,81.30363095238096,72.70970238095238,75.42297619047619,115.0,110.0,95.0,152.0,5.0,118.0
2023,37,2023-09-10,2023-09-16,98,30.559226190476192,24.30684523809524,27.042321428571427,105.74958333333336,7.0,79.03755952380952,1.519404761904762,6.252380952380953,17.042321428571427,1,0.04232142857142662,1,1,-0.970941817426052,-0.23931566428755774,27.72755952380952,27.24357142857143,26.615892857142857,27.868333333333336,61.102916666666665,32.68666666666667,63.09333333333333,53.403333333333336,75.21755952380953,79.97958333333334,81.30363095238096,72.70970238095238,95.0,115.0,110.0,95.0,-20.0,103.75
2023,38,2023-09-17,2023-09-23,108,31.407797619047617,24.55011904761905,27.60315476190476,51.73916666666667,7.0,75.83749999999999,1.3173214285714283,6.857678571428568,17.60315476190476,1,0.6031547619047615,1,1,-0.992708874098054,-0.12053668025532357,27.042321428571427,27.72755952380952,27.24357142857143,26.615892857142857,105.74958333333336,61.102916666666665,32.68666666666667,63.09333333333333,79.03755952380952,75.21755952380953,79.97958333333334,81.30363095238096,98.0,95.0,115.0,110.0,3.0,104.5
2023,39,2023-09-24,2023-09-30,102,31.218035714285715,25.03571428571429,27.59440476190476,45.432500000000005,7.0,79.15577380952381,1.427559523809524,6.182321428571427,17.59440476190476,1,0.5944047619047588,1,1,-1.0,-1.8369701987210297e-16,27.60315476190476,27.042321428571427,27.72755952380952,27.24357142857143,51.73916666666667,105.74958333333336,61.102916666666665,32.68666666666667,75.83749999999999,79.03755952380952,75.21755952380953,79.97958333333334,108.0,98.0,95.0,115.0,10.0,104.0
2023,40,2023-10-01,2023-10-07,119,29.119285714285716,24.924107142857142,26.62148809523809,61.528333333333336,7.0,85.69922619047618,1.6191071428571429,4.195178571428574,16.62148809523809,1,0.3785119047619112,1,1,-0.992708874098054,0.1205366802553232,27.59440476190476,27.60315476190476,27.042321428571427,27.72755952380952,45.432500000000005,51.73916666666667,105.74958333333336,61.102916666666665,79.15577380952381,75.83749999999999,79.03755952380952,75.21755952380953,102.0,108.0,98.0,95.0,-6.0,100.75
2023,41,2023-10-08,2023-10-14,132,28.80642857142857,24.851964285714285,26.45779761904762,47.025,7.0,86.90291666666667,1.7205357142857145,3.954464285714284,16.45779761904762,1,0.5422023809523786,1,1,-0.9709418174260521,0.23931566428755738,26.62148809523809,27.59440476190476,27.60315476190476,27.042321428571427,61.528333333333336,45.432500000000005,51.73916666666667,105.74958333333336,85.69922619047618,79.15577380952381,75.83749999999999,79.03755952380952,119.0,102.0,108.0,98.0,17.0,106.75
2023,42,2023-10-15,2023-10-21,152,28.86238095238095,23.38083333333333,25.60910714285714,87.51541666666667,7.0,81.72428571428571,2.2191666666666667,5.481547619047618,15.609107142857141,1,1.390892857142859,1,1,-0.9350162426854148,0.35460488704253557,26.45779761904762,26.62148809523809,27.59440476190476,27.60315476190476,47.025,61.528333333333336,45.432500000000005,51.73916666666667,86.90291666666667,85.69922619047618,79.15577380952381,75.83749999999999,132.0,119.0,102.0,108.0,13.0,115.25
2023,43,2023-10-22,2023-10-28,126,29.267261904761902,23.948571428571427,26.24059523809524,31.42916666666667,6.875,83.98113095238095,1.7188690476190478,5.318690476190476,16.24059523809524,1,0.7594047619047615,1,1,-0.8854560256532101,0.464723172043768,25.60910714285714,26.45779761904762,26.62148809523809,27.59440476190476,87.51541666666667,47.025,61.528333333333336,45.432500000000005,81.72428571428571,86.90291666666667,85.69922619047618,79.15577380952381,152.0,132.0,119.0,102.0,20.0,126.25
2023,44,2023-10-29,2023-11-04,88,27.69982142857143,22.84119047619048,24.84345238095238,89.5575,7.0,84.42315476190477,2.639702380952381,4.858630952380949,14.843452380952382,1,2.1565476190476183,1,0,-0.822983865893657,0.5680647467311548,26.24059523809524,25.60910714285714,26.45779761904762,26.62148809523809,31.42916666666667,87.51541666666667,47.025,61.528333333333336,83.98113095238095,81.72428571428571,86.90291666666667,85.69922619047618,126.0,152.0,132.0,119.0,-26.0,132.25
2023,45,2023-11-05,2023-11-11,107,29.714107142857145,23.57154761904762,26.30160714285714,42.2225,7.0,82.92291666666667,1.6164880952380951,6.142559523809524,16.30160714285714,1,0.6983928571428599,1,0,-0.7485107481711011,0.6631226582407952,24.84345238095238,26.24059523809524,25.60910714285714,26.45779761904762,89.5575,31.42916666666667,87.51541666666667,47.025,84.42315476190477,83.98113095238095,81.72428571428571,86.90291666666667,88.0,126.0,152.0,132.0,-38.0,124.5
2023,46,2023-11-12,2023-11-18,123,29.796130952380956,23.15386904761905,26.004583333333333,18.24625,5.833333333333333,79.75190476190475,2.103273809523809,6.642261904761906,16.004583333333333,1,0.9954166666666673,1,0,-0.6631226582407955,0.7485107481711007,26.30160714285714,24.84345238095238,26.24059523809524,25.60910714285714,42.2225,89.5575,31.42916666666667,87.51541666666667,82.92291666666667,84.42315476190477,83.98113095238095,81.72428571428571,107.0,88.0,126.0,152.0,19.0,118.25
2023,47,2023-11-19,2023-11-25,114,29.53309523809524,22.458809523809524,25.671666666666667,0.0566666666666666,0.0,76.82755952380953,1.691547619047619,7.074285714285715,15.671666666666667,1,1.3283333333333331,0,0,-0.5680647467311559,0.8229838658936564,26.004583333333333,26.30160714285714,24.84345238095238,26.24059523809524,18.24625,42.2225,89.5575,31.42916666666667,79.75190476190475,82.92291666666667,84.42315476190477,83.98113095238095,123.0,107.0,88.0,126.0,16.0,111.0
2023,48,2023-11-26,2023-12-02,128,30.895773809523806,23.054107142857145,26.571369047619047,0.8383333333333334,2.583333333333333,74.81184523809523,2.1870833333333333,7.8416666666666615,16.571369047619047,1,0.42863095238095283,0,0,-0.4647231720437684,0.88545602565321,25.671666666666667,26.004583333333333,26.30160714285714,24.84345238095238,0.0566666666666666,18.24625,42.2225,89.5575,76.82755952380953,79.75190476190475,82.92291666666667,84.42315476190477,114.0,123.0,107.0,88.0,-9.0,108.0
2023,49,2023-12-03,2023-12-09,97,31.24035714285714,22.781130952380952,26.51392857142857,2.7204166666666665,5.625,73.77,2.5479166666666666,8.459226190476187,16.51392857142857,1,0.4860714285714316,0,0,-0.35460488704253595,0.9350162426854147,26.571369047619047,25.671666666666667,26.004583333333333,26.30160714285714,0.8383333333333334,0.0566666666666666,18.24625,42.2225,74.81184523809523,76.82755952380953,79.75190476190475,82.92291666666667,128.0,114.0,123.0,107.0,14.0,118.0
2023,50,2023-12-10,2023-12-16,131,31.344285714285714,22.600952380952386,26.351488095238096,1.7333333333333334,4.5,71.48440476190477,3.68422619047619,8.743333333333329,16.351488095238096,1,0.6485119047619037,0,0,-0.2393156642875578,0.970941817426052,26.51392857142857,26.571369047619047,25.671666666666667,26.004583333333333,2.7204166666666665,0.8383333333333334,0.0566666666666666,18.24625,73.77,74.81184523809523,76.82755952380953,79.75190476190475,97.0,128.0,114.0,123.0,-31.0,115.5
2023,51,2023-12-17,2023-12-23,0,29.37125,19.30267857142857,23.640416666666667,97.44125,2.4166666666666665,67.91720238095238,4.54625,10.068571428571431,13.640416666666667,1,3.359583333333333,1,0,-0.12053668025532363,0.992708874098054,26.351488095238096,26.51392857142857,26.571369047619047,25.671666666666667,1.7333333333333334,2.7204166666666665,0.8383333333333334,0.0566666666666666,71.48440476190477,73.77,74.81184523809523,76.82755952380953,131.0,97.0,128.0,114.0,34.0,117.5
2023,52,2023-12-24,2023-12-30,0,29.308511904761904,21.986547619047617,25.211011904761904,7.5925,6.375,78.78005952380953,1.841011904761905,7.321964285714287,15.211011904761904,1,1.7889880952380963,0,0,6.432490598706546e-16,1.0,23.640416666666667,26.351488095238096,26.51392857142857,26.571369047619047,97.44125,1.7333333333333334,2.7204166666666665,0.8383333333333334,67.91720238095238,71.48440476190477,73.77,74.81184523809523,0.0,131.0,97.0,128.0,-131.0,89.0
2024,1,2023-12-31,2024-01-06,75,29.90327380952381,21.16898809523809,25.03559523809524,0.1254166666666666,0.4583333333333333,73.36101190476191,2.6072023809523808,8.734285714285718,15.03559523809524,1,1.9644047619047598,0,0,0.12053668025532305,0.992708874098054,25.211011904761904,23.640416666666667,26.351488095238096,26.51392857142857,7.5925,97.44125,1.7333333333333334,2.7204166666666665,78.78005952380953,67.91720238095238,71.48440476190477,73.77,0.0,0.0,131.0,97.0,0.0,57.0
2024,2,2024-01-07,2024-01-13,85,30.46642857142857,21.609821428571426,25.434642857142855,0.0,0.0,73.60803571428572,1.7523214285714286,8.856607142857143,15.434642857142855,1,1.5653571428571453,0,0,0.23931566428755774,0.970941817426052,25.03559523809524,25.211011904761904,23.640416666666667,26.351488095238096,0.1254166666666666,7.5925,97.44125,1.7333333333333334,73.36101190476191,78.78005952380953,67.91720238095238,71.48440476190477,75.0,0.0,0.0,131.0,75.0,51.5
2024,3,2024-01-14,2024-01-20,101,32.095,22.53827380952381,26.81773809523809,0.4283333333333333,1.0,69.1667261904762,2.4327380952380957,9.556726190476187,16.81773809523809,1,0.1822619047619085,0,0,0.3546048870425356,0.9350162426854148,25.434642857142855,25.03559523809524,25.211011904761904,23.640416666666667,0.0,0.1254166666666666,7.5925,97.44125,73.60803571428572,73.36101190476191,78.78005952380953,67.91720238095238,85.0,75.0,0.0,0.0,10.0,40.0
2024,4,2024-01-21,2024-01-27,114,32.799345238095235,23.09172619047619,27.436071428571427,0.3804166666666667,1.125,65.30005952380952,2.167738095238095,9.707619047619044,17.436071428571427,1,0.43607142857142733,0,0,0.4647231720437685,0.8854560256532099,26.81773809523809,25.434642857142855,25.03559523809524,25.211011904761904,0.4283333333333333,0.0,0.1254166666666666,7.5925,69.1667261904762,73.60803571428572,73.36101190476191,78.78005952380953,101.0,85.0,75.0,0.0,16.0,65.25
2024,5,2024-01-28,2024-02-03,116,31.451666666666668,21.26107142857143,25.646964285714287,0.2341666666666666,0.4166666666666667,64.54553571428572,4.004821428571429,10.190595238095238,15.646964285714287,1,1.3530357142857135,0,0,0.5680647467311558,0.8229838658936564,27.436071428571427,26.81773809523809,25.434642857142855,25.03559523809524,0.3804166666666667,0.4283333333333333,0.0,0.1254166666666666,65.30005952380952,69.1667261904762,73.60803571428572,73.36101190476191,114.0,101.0,85.0,75.0,13.0,93.75
2024,6,2024-02-04,2024-02-10,115,30.989404761904765,20.180119047619048,24.920714285714286,3.81875,2.5,63.73166666666666,2.8998809523809523,10.809285714285718,14.920714285714286,1,2.0792857142857137,0,0,0.6631226582407952,0.7485107481711011,25.646964285714287,27.436071428571427,26.81773809523809,25.434642857142855,0.2341666666666666,0.3804166666666667,0.4283333333333333,0.0,64.54553571428572,65.30005952380952,69.1667261904762,73.60803571428572,116.0,114.0,101.0,85.0,2.0,104.0
2024,7,2024-02-11,2024-02-17,114,33.56779761904762,22.553511904761905,27.321726190476188,0.8616666666666667,1.2083333333333333,62.87910714285714,2.508452380952381,11.014285714285712,17.321726190476188,1,0.32172619047618767,0,0,0.7485107481711011,0.6631226582407953,24.920714285714286,25.646964285714287,27.436071428571427,26.81773809523809,3.81875,0.2341666666666666,0.3804166666666667,0.4283333333333333,63.73166666666666,64.54553571428572,65.30005952380952,69.1667261904762,115.0,116.0,114.0,101.0,-1.0,111.5
2024,8,2024-02-18,2024-02-24,125,33.33672619047619,20.770238095238096,26.279047619047617,0.2066666666666666,0.5416666666666666,55.68261904761905,3.46797619047619,12.566488095238096,16.279047619047617,1,0.720952380952383,0,0,0.8229838658936564,0.5680647467311559,27.321726190476188,24.920714285714286,25.646964285714287,27.436071428571427,0.8616666666666667,3.81875,0.2341666666666666,0.3804166666666667,62.87910714285714,63.73166666666666,64.54553571428572,65.30005952380952,114.0,115.0,116.0,114.0,-1.0,114.75
2024,9,2024-02-25,2024-03-02,127,33.94815476190476,22.25898809523809,27.388809523809524,0.0020833333333333,0.0,57.60821428571429,2.63047619047619,11.689166666666669,17.388809523809524,1,0.38880952380952394,0,0,0.8854560256532099,0.4647231720437686,26.279047619047617,27.321726190476188,24.920714285714286,25.646964285714287,0.2066666666666666,0.8616666666666667,3.81875,0.2341666666666666,55.68261904761905,62.87910714285714,63.73166666666666,64.54553571428572,125.0,114.0,115.0,116.0,11.0,117.5
2024,10,2024-03-03,2024-03-09,129,32.6202380952381,22.964404761904763,27.063511904761903,0.0004166666666666,0.0,66.48029761904762,2.341190476190476,9.655833333333337,17.063511904761903,1,0.06351190476190283,0,0,0.9350162426854148,0.35460488704253557,27.388809523809524,26.279047619047617,27.321726190476188,24.920714285714286,0.0020833333333333,0.2066666666666666,0.8616666666666667,3.81875,57.60821428571429,55.68261904761905,62.87910714285714,63.73166666666666,127.0,125.0,114.0,115.0,2.0,120.25
2024,11,2024-03-10,2024-03-16,116,35.708571428571425,24.503154761904764,29.471488095238097,0.82,0.875,57.65244047619047,2.5191666666666666,11.205416666666661,19.471488095238097,1,2.4714880952380973,0,0,0.970941817426052,0.23931566428755804,27.063511904761903,27.388809523809524,26.279047619047617,27.321726190476188,0.0004166666666666,0.0020833333333333,0.2066666666666666,0.8616666666666667,66.48029761904762,57.60821428571429,55.68261904761905,62.87910714285714,129.0,127.0,125.0,114.0,2.0,123.75
2024,12,2024-03-17,2024-03-23,118,33.020714285714284,24.82565476190476,28.31023809523809,124.04041666666666,4.875,70.17113095238095,2.0814880952380954,8.195059523809523,18.31023809523809,1,1.3102380952380912,1,0,0.992708874098054,0.120536680255323,29.471488095238097,27.063511904761903,27.388809523809524,26.279047619047617,0.82,0.0004166666666666,0.0020833333333333,0.2066666666666666,57.65244047619047,66.48029761904762,57.60821428571429,55.68261904761905,116.0,129.0,127.0,125.0,-13.0,124.25
2024,13,2024-03-24,2024-03-30,116,33.06053571428571,24.265416666666667,28.033690476190475,0.3775,1.2916666666666667,68.88267857142857,2.7011904761904764,8.795119047619046,18.033690476190475,1,1.0336904761904755,0,0,1.0,-1.6081226496766364e-16,28.31023809523809,29.471488095238097,27.063511904761903,27.388809523809524,124.04041666666666,0.82,0.0004166666666666,0.0020833333333333,70.17113095238095,57.65244047619047,66.48029761904762,57.60821428571429,118.0,116.0,129.0,127.0,2.0,122.5
2024,14,2024-03-31,2024-04-06,119,32.819583333333334,24.71410714285714,28.07119047619048,33.25333333333333,4.541666666666667,70.55898809523809,2.375178571428572,8.105476190476192,18.07119047619048,1,1.0711904761904805,1,0,0.992708874098054,-0.12053668025532288,28.033690476190475,28.31023809523809,29.471488095238097,27.063511904761903,0.3775,124.04041666666666,0.82,0.0004166666666666,68.88267857142857,70.17113095238095,57.65244047619047,66.48029761904762,116.0,118.0,116.0,129.0,-2.0,119.75
2024,15,2024-04-07,2024-04-13,118,33.922738095238095,25.332678571428573,29.05386904761905,0.6245833333333334,2.0416666666666665,65.8910119047619,2.763333333333333,8.590059523809522,19.05386904761905,1,2.053869047619049,0,0,0.9709418174260521,-0.2393156642875575,28.07119047619048,28.033690476190475,28.31023809523809,29.471488095238097,33.25333333333333,0.3775,124.04041666666666,0.82,70.55898809523809,68.88267857142857,70.17113095238095,57.65244047619047,119.0,116.0,118.0,116.0,3.0,117.25
2024,16,2024-04-14,2024-04-20,121,33.26238095238095,25.266190476190477,28.673511904761902,12.317916666666669,4.833333333333333,67.55154761904761,2.623154761904762,7.996190476190474,18.673511904761902,1,1.6735119047619023,1,0,0.9350162426854148,-0.35460488704253545,29.05386904761905,28.07119047619048,28.033690476190475,28.31023809523809,0.6245833333333334,33.25333333333333,0.3775,124.04041666666666,65.8910119047619,70.55898809523809,68.88267857142857,70.17113095238095,118.0,119.0,116.0,118.0,-1.0,117.75
2024,17,2024-04-21,2024-04-27,122,32.80291666666667,24.82613095238095,28.27279761904762,37.32625,7.0,70.81005952380953,2.0376785714285712,7.976785714285718,18.27279761904762,1,1.2727976190476191,1,0,0.8854560256532099,-0.4647231720437685,28.673511904761902,29.05386904761905,28.07119047619048,28.033690476190475,12.317916666666669,0.6245833333333334,33.25333333333333,0.3775,67.55154761904761,65.8910119047619,70.55898809523809,68.88267857142857,121.0,118.0,119.0,116.0,3.0,118.5
2024,18,2024-04-28,2024-05-04,125,31.905535714285715,25.013809523809524,27.809107142857144,23.47,6.875,76.65386904761904,2.150952380952381,6.8917261904761915,17.809107142857144,1,0.8091071428571439,1,1,0.8229838658936565,-0.5680647467311557,28.27279761904762,28.673511904761902,29.05386904761905,28.07119047619048,37.32625,12.317916666666669,0.6245833333333334,33.25333333333333,70.81005952380953,67.55154761904761,65.8910119047619,70.55898809523809,122.0,121.0,118.0,119.0,1.0,120.0
2024,19,2024-05-05,2024-05-11,138,32.71994047619048,25.85589285714286,28.560059523809525,4.922916666666667,4.041666666666667,74.83386904761905,1.965059523809524,6.864047619047621,18.560059523809525,1,1.5600595238095245,0,1,0.7485107481711013,-0.663122658240795,27.809107142857144,28.27279761904762,28.673511904761902,29.05386904761905,23.47,37.32625,12.317916666666669,0.6245833333333334,76.65386904761904,70.81005952380953,67.55154761904761,65.8910119047619,125.0,122.0,121.0,118.0,3.0,121.5
2024,20,2024-05-12,2024-05-18,150,31.117857142857144,25.401011904761905,27.63904761904762,30.7025,6.125,79.79785714285714,1.8195238095238095,5.716845238095239,17.63904761904762,1,0.63904761904762,1,1,0.6631226582407952,-0.7485107481711012,28.560059523809525,27.809107142857144,28.27279761904762,28.673511904761902,4.922916666666667,23.47,37.32625,12.317916666666669,74.83386904761905,76.65386904761904,70.81005952380953,67.55154761904761,138.0,125.0,122.0,121.0,13.0,126.5
2024,21,2024-05-19,2024-05-25,160,32.91047619047619,25.66160714285714,28.57785714285714,18.16708333333333,7.0,75.87029761904762,2.0032738095238094,7.248869047619049,18.57785714285714,1,1.577857142857141,1,1,0.5680647467311558,-0.8229838658936564,27.63904761904762,28.560059523809525,27.809107142857144,28.27279761904762,30.7025,4.922916666666667,23.47,37.32625,79.79785714285714,74.83386904761905,76.65386904761904,70.81005952380953,150.0,138.0,125.0,122.0,12.0,133.75
2024,22,2024-05-26,2024-06-01,174,32.60857142857143,25.68392857142857,28.532797619047617,62.77458333333333,7.0,75.12107142857143,1.64875,6.92464285714286,18.532797619047617,1,1.5327976190476171,1,1,0.46472317204376906,-0.8854560256532096,28.57785714285714,27.63904761904762,28.560059523809525,27.809107142857144,18.16708333333333,30.7025,4.922916666666667,23.47,75.87029761904762,79.79785714285714,74.83386904761905,76.65386904761904,160.0,150.0,138.0,125.0,10.0,143.25
2024,23,2024-06-02,2024-06-08,182,29.700357142857143,24.911011904761903,26.886607142857144,40.810833333333335,7.0,83.82529761904762,2.0823214285714284,4.78934523809524,16.886607142857144,1,0.11339285714285552,1,1,0.35460488704253584,-0.9350162426854147,28.532797619047617,28.57785714285714,27.63904761904762,28.560059523809525,62.77458333333333,18.16708333333333,30.7025,4.922916666666667,75.12107142857143,75.87029761904762,79.79785714285714,74.83386904761905,174.0,160.0,150.0,138.0,14.0,155.5
2024,24,2024-06-09,2024-06-15,185,29.008035714285715,24.729107142857146,26.49023809523809,48.465,7.0,85.17303571428572,2.215297619047619,4.278928571428569,16.49023809523809,1,0.5097619047619091,1,1,0.23931566428755768,-0.970941817426052,26.886607142857144,28.532797619047617,28.57785714285714,27.63904761904762,40.810833333333335,62.77458333333333,18.16708333333333,30.7025,83.82529761904762,75.12107142857143,75.87029761904762,79.79785714285714,182.0,174.0,160.0,150.0,8.0,166.5
2024,25,2024-06-16,2024-06-22,208,26.79738095238095,23.898869047619048,25.218511904761908,227.85916666666665,7.0,90.54136904761906,4.015535714285714,2.8985119047619037,15.218511904761908,1,1.7814880952380925,1,1,0.12053668025532308,-0.992708874098054,26.49023809523809,26.886607142857144,28.532797619047617,28.57785714285714,48.465,40.810833333333335,62.77458333333333,18.16708333333333,85.17303571428572,83.82529761904762,75.12107142857143,75.87029761904762,185.0,182.0,174.0,160.0,3.0,175.25
2024,26,2024-06-23,2024-06-29,210,28.82392857142857,24.035297619047626,26.062916666666663,95.91833333333334,7.0,85.87130952380953,1.8117857142857143,4.788630952380945,16.062916666666663,1,0.9370833333333373,1,1,-3.216245299353273e-16,-1.0,25.218511904761908,26.49023809523809,26.886607142857144,28.532797619047617,227.85916666666665,48.465,40.810833333333335,62.77458333333333,90.54136904761906,85.17303571428572,83.82529761904762,75.12107142857143,208.0,185.0,182.0,174.0,23.0,187.25
2024,27,2024-06-30,2024-07-06,229,29.072559523809527,23.94404761904762,26.281785714285714,48.61833333333333,7.0,84.15791666666667,1.733154761904762,5.128511904761908,16.281785714285714,1,0.7182142857142857,1,1,-0.12053668025532283,-0.992708874098054,26.062916666666663,25.218511904761908,26.49023809523809,26.886607142857144,95.91833333333334,227.85916666666665,48.465,40.810833333333335,85.87130952380953,90.54136904761906,85.17303571428572,83.82529761904762,210.0,208.0,185.0,182.0,2.0,196.25
2024,28,2024-07-07,2024-07-13,241,29.28988095238095,23.855952380952385,26.32988095238095,70.8475,7.0,82.9614880952381,1.929107142857143,5.433928571428567,16.32988095238095,1,0.6701190476190497,1,1,-0.23931566428755743,-0.9709418174260521,26.281785714285714,26.062916666666663,25.218511904761908,26.49023809523809,48.61833333333333,95.91833333333334,227.85916666666665,48.465,84.15791666666667,85.87130952380953,90.54136904761906,85.17303571428572,229.0,210.0,208.0,185.0,19.0,208.0
2024,29,2024-07-14,2024-07-20,255,30.806011904761903,24.436488095238094,27.486607142857142,57.54166666666666,7.0,80.02732142857143,1.7374404761904765,6.369523809523809,17.486607142857142,1,0.48660714285714235,1,1,-0.3546048870425356,-0.9350162426854148,26.32988095238095,26.281785714285714,26.062916666666663,25.218511904761908,70.8475,48.61833333333333,95.91833333333334,227.85916666666665,82.9614880952381,84.15791666666667,85.87130952380953,90.54136904761906,241.0,229.0,210.0,208.0,12.0,222.0
2024,30,2024-07-21,2024-07-27,270,30.508154761904763,24.626964285714283,27.35553571428572,37.62583333333333,7.0,80.91166666666668,1.5138690476190475,5.881190476190479,17.35553571428572,1,0.3555357142857183,1,1,-0.46472317204376806,-0.8854560256532101,27.486607142857142,26.32988095238095,26.281785714285714,26.062916666666663,57.54166666666666,70.8475,48.61833333333333,95.91833333333334,80.02732142857143,82.9614880952381,84.15791666666667,85.87130952380953,255.0,241.0,229.0,210.0,14.0,233.75
2024,31,2024-07-28,2024-08-03,273,30.301011904761907,24.19494047619048,27.085714285714285,68.60125000000001,7.0,78.80369047619048,1.6161309523809526,6.1060714285714255,17.085714285714285,1,0.08571428571428541,1,1,-0.5680647467311556,-0.8229838658936565,27.35553571428572,27.486607142857142,26.32988095238095,26.281785714285714,37.62583333333333,57.54166666666666,70.8475,48.61833333333333,80.91166666666668,80.02732142857143,82.9614880952381,84.15791666666667,270.0,255.0,241.0,229.0,15.0,248.75
2024,32,2024-08-04,2024-08-10,278,29.819761904761904,24.35375,26.815952380952385,63.91458333333333,7.0,82.33333333333333,1.4698214285714286,5.466011904761903,16.815952380952385,1,0.18404761904761457,1,1,-0.663122658240795,-0.7485107481711013,27.085714285714285,27.35553571428572,27.486607142857142,26.32988095238095,68.60125000000001,37.62583333333333,57.54166666666666,70.8475,78.80369047619048,80.91166666666668,80.02732142857143,82.9614880952381,273.0,270.0,255.0,241.0,3.0,259.75
2024,33,2024-08-11,2024-08-17,272,30.258511904761903,24.554761904761904,27.27595238095238,49.302083333333336,7.0,80.30220238095238,1.5147023809523807,5.703749999999999,17.27595238095238,1,0.2759523809523792,1,1,-0.7485107481711011,-0.6631226582407952,26.815952380952385,27.085714285714285,27.35553571428572,27.486607142857142,63.91458333333333,68.60125000000001,37.62583333333333,57.54166666666666,82.33333333333333,78.80369047619048,80.91166666666668,80.02732142857143,278.0,273.0,270.0,255.0,5.0,269.0
2024,34,2024-08-18,2024-08-24,260,30.885416666666668,24.231011904761903,27.396785714285716,47.64416666666667,7.0,77.83910714285715,1.547202380952381,6.654404761904765,17.396785714285716,1,0.3967857142857163,1,1,-0.8229838658936564,-0.5680647467311559,27.27595238095238,26.815952380952385,27.085714285714285,27.35553571428572,49.302083333333336,63.91458333333333,68.60125000000001,37.62583333333333,80.30220238095238,82.33333333333333,78.80369047619048,80.91166666666668,272.0,278.0,273.0,270.0,-6.0,273.25
2024,35,2024-08-25,2024-08-31,249,30.480416666666667,24.70511904761905,27.31011904761905,56.53791666666666,7.0,81.60136904761906,1.4486904761904762,5.775297619047617,17.31011904761905,1,0.3101190476190503,1,1,-0.8854560256532096,-0.4647231720437691,27.396785714285716,27.27595238095238,26.815952380952385,27.085714285714285,47.64416666666667,49.302083333333336,63.91458333333333,68.60125000000001,77.83910714285715,80.30220238095238,82.33333333333333,78.80369047619048,260.0,272.0,278.0,273.0,-12.0,270.75
2024,36,2024-09-01,2024-09-07,239,29.43166666666667,24.718869047619048,26.724821428571428,56.26916666666667,7.0,84.75446428571429,1.3961904761904762,4.71279761904762,16.724821428571428,1,0.2751785714285724,1,1,-0.9350162426854147,-0.3546048870425359,27.31011904761905,27.396785714285716,27.27595238095238,26.815952380952385,56.53791666666666,47.64416666666667,49.302083333333336,63.91458333333333,81.60136904761906,77.83910714285715,80.30220238095238,82.33333333333333,249.0,260.0,272.0,278.0,-11.0,264.75
2024,37,2024-09-08,2024-09-14,230,29.563333333333333,24.81017857142857,26.83559523809524,29.420416666666668,7.0,84.4720238095238,1.3011309523809524,4.753154761904764,16.83559523809524,1,0.16440476190475906,1,1,-0.970941817426052,-0.23931566428755774,26.724821428571428,27.31011904761905,27.396785714285716,27.27595238095238,56.26916666666667,56.53791666666666,47.64416666666667,49.302083333333336,84.75446428571429,81.60136904761906,77.83910714285715,80.30220238095238,239.0,249.0,260.0,272.0,-10.0,255.0
2024,38,2024-09-15,2024-09-21,225,29.395119047619048,24.890833333333333,26.920892857142857,73.29958333333333,7.0,83.97845238095239,1.4544642857142858,4.5042857142857144,16.920892857142857,1,0.07910714285714349,1,1,-0.992708874098054,-0.12053668025532357,26.83559523809524,26.724821428571428,27.31011904761905,27.396785714285716,29.420416666666668,56.26916666666667,56.53791666666666,47.64416666666667,84.4720238095238,84.75446428571429,81.60136904761906,77.83910714285715,230.0,239.0,249.0,260.0,-9.0,244.5
2024,39,2024-09-22,2024-09-28,205,27.77678571428571,23.601607142857144,25.46267857142857,61.58083333333334,7.0,88.21785714285714,3.0361309523809523,4.175178571428567,15.462678571428569,1,1.5373214285714312,1,1,-1.0,-1.8369701987210297e-16,26.920892857142857,26.83559523809524,26.724821428571428,27.31011904761905,73.29958333333333,29.420416666666668,56.26916666666667,56.53791666666666,83.97845238095239,84.4720238095238,84.75446428571429,81.60136904761906,225.0,230.0,239.0,249.0,-5.0,235.75
2024,40,2024-09-29,2024-10-05,190,27.56696428571429,23.33875,25.07523809523809,21.69375,7.0,88.33333333333333,2.0710714285714285,4.228214285714287,15.075238095238092,1,1.9247619047619082,1,1,-0.992708874098054,0.1205366802553232,25.46267857142857,26.920892857142857,26.83559523809524,26.724821428571428,61.58083333333334,73.29958333333333,29.420416666666668,56.26916666666667,88.21785714285714,83.97845238095239,84.4720238095238,84.75446428571429,205.0,225.0,230.0,239.0,-20.0,224.75
2024,41,2024-10-06,2024-10-12,184,28.557916666666667,23.482142857142858,25.655238095238094,8.819583333333334,6.75,84.93839285714286,2.0241666666666664,5.07577380952381,15.655238095238094,1,1.3447619047619064,0,1,-0.9709418174260521,0.23931566428755738,25.07523809523809,25.46267857142857,26.920892857142857,26.83559523809524,21.69375,61.58083333333334,73.29958333333333,29.420416666666668,88.33333333333333,88.21785714285714,83.97845238095239,84.4720238095238,190.0,205.0,225.0,230.0,-15.0,212.5
2024,42,2024-10-13,2024-10-19,180,29.611607142857142,23.21708333333333,26.032678571428573,27.297916666666666,6.75,81.65488095238095,1.870059523809524,6.394523809523811,16.032678571428573,1,0.9673214285714273,1,1,-0.9350162426854148,0.35460488704253557,25.655238095238094,25.07523809523809,25.46267857142857,26.920892857142857,8.819583333333334,21.69375,61.58083333333334,73.29958333333333,84.93839285714286,88.33333333333333,88.21785714285714,83.97845238095239,184.0,190.0,205.0,225.0,-6.0,201.0
2024,43,2024-10-20,2024-10-26,175,29.946250000000003,23.243630952380958,26.21559523809524,20.08125,5.708333333333333,80.37470238095237,2.2748809523809523,6.702619047619045,16.21559523809524,1,0.78440476190476,1,1,-0.8854560256532101,0.464723172043768,26.032678571428573,25.655238095238094,25.07523809523809,25.46267857142857,27.297916666666666,8.819583333333334,21.69375,61.58083333333334,81.65488095238095,84.93839285714286,88.33333333333333,88.21785714285714,180.0,184.0,190.0,205.0,-4.0,189.75
2024,44,2024-10-27,2024-11-02,169,30.172619047619047,23.489880952380958,26.352261904761903,6.392083333333333,5.708333333333333,78.35005952380952,2.1215476190476195,6.68273809523809,16.352261904761903,1,0.6477380952380969,0,0,-0.822983865893657,0.5680647467311548,26.21559523809524,26.032678571428573,25.655238095238094,25.07523809523809,20.08125,27.297916666666666,8.819583333333334,21.69375,80.37470238095237,81.65488095238095,84.93839285714286,88.33333333333333,175.0,180.0,184.0,190.0,-5.0,182.25
2024,45,2024-11-03,2024-11-09,163,28.72815476190476,23.72458333333333,25.76017857142857,14.699583333333337,6.333333333333333,85.13529761904762,1.7584523809523809,5.00357142857143,15.760178571428568,1,1.2398214285714317,1,0,-0.7485107481711011,0.6631226582407952,26.352261904761903,26.21559523809524,26.032678571428573,25.655238095238094,6.392083333333333,20.08125,27.297916666666666,8.819583333333334,78.35005952380952,80.37470238095237,81.65488095238095,84.93839285714286,169.0,175.0,180.0,184.0,-6.0,177.0
2024,46,2024-11-10,2024-11-16,148,28.537380952380957,23.12565476190476,25.41541666666667,152.23875,7.0,84.09190476190476,1.877202380952381,5.411726190476198,15.415416666666669,1,1.584583333333331,1,0,-0.6631226582407955,0.7485107481711007,25.76017857142857,26.352261904761903,26.21559523809524,26.032678571428573,14.699583333333337,6.392083333333333,20.08125,27.297916666666666,85.13529761904762,78.35005952380952,80.37470238095237,81.65488095238095,163.0,169.0,175.0,180.0,-6.0,171.75
2024,47,2024-11-17,2024-11-23,133,27.368035714285718,22.223630952380955,24.419583333333332,70.20083333333334,5.916666666666667,84.84511904761905,3.329285714285714,5.144404761904763,14.419583333333332,1,2.580416666666668,1,0,-0.5680647467311559,0.8229838658936564,25.41541666666667,25.76017857142857,26.352261904761903,26.21559523809524,152.23875,14.699583333333337,6.392083333333333,20.08125,84.09190476190476,85.13529761904762,78.35005952380952,80.37470238095237,148.0,163.0,169.0,175.0,-15.0,163.75
2024,48,2024-11-24,2024-11-30,118,29.27309523809524,20.723630952380955,24.547142857142852,0.4133333333333333,0.875,76.54166666666667,3.093988095238096,8.549464285714286,14.547142857142852,1,2.452857142857148,0,0,-0.4647231720437684,0.88545602565321,24.419583333333332,25.41541666666667,25.76017857142857,26.352261904761903,70.20083333333334,152.23875,14.699583333333337,6.392083333333333,84.84511904761905,84.09190476190476,85.13529761904762,78.35005952380952,133.0,148.0,163.0,169.0,-15.0,153.25
2024,49,2024-12-01,2024-12-07,112,28.31369047619048,21.64970238095238,24.33494047619048,2.9725,3.7083333333333335,77.12738095238096,4.486785714285714,6.6639880952381,14.334940476190479,1,2.6650595238095214,0,0,-0.35460488704253595,0.9350162426854147,24.547142857142852,24.419583333333332,25.41541666666667,25.76017857142857,0.4133333333333333,70.20083333333334,152.23875,14.699583333333337,76.54166666666667,84.84511904761905,84.09190476190476,85.13529761904762,118.0,133.0,148.0,163.0,-15.0,140.5
2024,50,2024-12-08,2024-12-14,101,29.83297619047619,21.819166666666664,25.39744047619048,1.4904166666666667,3.083333333333333,78.3377976190476,2.7348809523809527,8.013809523809527,15.397440476190479,1,1.6025595238095214,0,0,-0.2393156642875578,0.970941817426052,24.33494047619048,24.547142857142852,24.419583333333332,25.41541666666667,2.9725,0.4133333333333333,70.20083333333334,152.23875,77.12738095238096,76.54166666666667,84.84511904761905,84.09190476190476,112.0,118.0,133.0,148.0,-6.0,127.75
2024,51,2024-12-15,2024-12-21,98,29.023154761904763,20.48494047619048,24.2335119047619,98.60916666666668,4.541666666666667,77.40976190476191,3.290178571428571,8.538214285714282,14.233511904761901,1,2.766488095238099,1,0,-0.12053668025532363,0.992708874098054,25.39744047619048,24.33494047619048,24.547142857142852,24.419583333333332,1.4904166666666667,2.9725,0.4133333333333333,70.20083333333334,78.3377976190476,77.12738095238096,76.54166666666667,84.84511904761905,101.0,112.0,118.0,133.0,-11.0,116.0
2024,52,2024-12-22,2024-12-28,92,28.504285714285714,21.26065476190476,24.39202380952381,0.42625,1.75,79.27416666666666,2.4748809523809525,7.243630952380954,14.39202380952381,1,2.6079761904761902,0,0,6.432490598706546e-16,1.0,24.2335119047619,25.39744047619048,24.33494047619048,24.547142857142852,98.60916666666668,1.4904166666666667,2.9725,0.4133333333333333,77.40976190476191,78.3377976190476,77.12738095238096,76.54166666666667,98.0,101.0,112.0,118.0,-3.0,107.25
